[2026-04-18 21:19:16] local.ERROR: Please provide a valid cache path. {"exception":"[object] (InvalidArgumentException(code: 0): Please provide a valid cache path. at /Users/fabtech/Documents/projects/acmbv/vendor/laravel/framework/src/Illuminate/View/Compilers/Compiler.php:36)
[stacktrace]
#0 /Users/fabtech/Documents/projects/acmbv/vendor/laravel/framework/src/Illuminate/View/ViewServiceProvider.php(91): Illuminate\\View\\Compilers\\Compiler->__construct(Object(Illuminate\\Filesystem\\Filesystem), false)
#1 /Users/fabtech/Documents/projects/acmbv/vendor/laravel/framework/src/Illuminate/Container/Container.php(805): Illuminate\\View\\ViewServiceProvider->Illuminate\\View\\{closure}(Object(Illuminate\\Foundation\\Application), Array)
#2 /Users/fabtech/Documents/projects/acmbv/vendor/laravel/framework/src/Illuminate/Container/Container.php(691): Illuminate\\Container\\Container->build(Object(Closure))
#3 /Users/fabtech/Documents/projects/acmbv/vendor/laravel/framework/src/Illuminate/Foundation/Application.php(796): Illuminate\\Container\\Container->resolve('blade.compiler', Array, true)
#4 /Users/fabtech/Documents/projects/acmbv/vendor/laravel/framework/src/Illuminate/Container/Container.php(637): Illuminate\\Foundation\\Application->resolve('blade.compiler', Array)
#5 /Users/fabtech/Documents/projects/acmbv/vendor/laravel/framework/src/Illuminate/Foundation/Application.php(781): Illuminate\\Container\\Container->make('blade.compiler', Array)
#6 /Users/fabtech/Documents/projects/acmbv/vendor/laravel/framework/src/Illuminate/Container/Container.php(1284): Illuminate\\Foundation\\Application->make('blade.compiler')
#7 /Users/fabtech/Documents/projects/acmbv/vendor/laravel/framework/src/Illuminate/View/ViewServiceProvider.php(151): Illuminate\\Container\\Container->offsetGet('blade.compiler')
#8 [internal function]: Illuminate\\View\\ViewServiceProvider->Illuminate\\View\\{closure}()
#9 /Users/fabtech/Documents/projects/acmbv/vendor/laravel/framework/src/Illuminate/View/Engines/EngineResolver.php(55): call_user_func(Object(Closure))
#10 /Users/fabtech/Documents/projects/acmbv/vendor/facade/ignition/src/IgnitionServiceProvider.php(387): Illuminate\\View\\Engines\\EngineResolver->resolve('blade')
#11 /Users/fabtech/Documents/projects/acmbv/vendor/facade/ignition/src/IgnitionServiceProvider.php(124): Facade\\Ignition\\IgnitionServiceProvider->hasCustomViewEnginesRegistered()
#12 /Users/fabtech/Documents/projects/acmbv/vendor/facade/ignition/src/IgnitionServiceProvider.php(83): Facade\\Ignition\\IgnitionServiceProvider->registerViewEngines()
#13 [internal function]: Facade\\Ignition\\IgnitionServiceProvider->boot()
#14 /Users/fabtech/Documents/projects/acmbv/vendor/laravel/framework/src/Illuminate/Container/BoundMethod.php(37): call_user_func_array(Array, Array)
#15 /Users/fabtech/Documents/projects/acmbv/vendor/laravel/framework/src/Illuminate/Container/Util.php(37): Illuminate\\Container\\BoundMethod::Illuminate\\Container\\{closure}()
#16 /Users/fabtech/Documents/projects/acmbv/vendor/laravel/framework/src/Illuminate/Container/BoundMethod.php(95): Illuminate\\Container\\Util::unwrapIfClosure(Object(Closure))
#17 /Users/fabtech/Documents/projects/acmbv/vendor/laravel/framework/src/Illuminate/Container/BoundMethod.php(39): Illuminate\\Container\\BoundMethod::callBoundMethod(Object(Illuminate\\Foundation\\Application), Array, Object(Closure))
#18 /Users/fabtech/Documents/projects/acmbv/vendor/laravel/framework/src/Illuminate/Container/Container.php(596): Illuminate\\Container\\BoundMethod::call(Object(Illuminate\\Foundation\\Application), Array, Array, NULL)
#19 /Users/fabtech/Documents/projects/acmbv/vendor/laravel/framework/src/Illuminate/Foundation/Application.php(867): Illuminate\\Container\\Container->call(Array)
#20 /Users/fabtech/Documents/projects/acmbv/vendor/laravel/framework/src/Illuminate/Foundation/Application.php(850): Illuminate\\Foundation\\Application->bootProvider(Object(Facade\\Ignition\\IgnitionServiceProvider))
#21 [internal function]: Illuminate\\Foundation\\Application->Illuminate\\Foundation\\{closure}(Object(Facade\\Ignition\\IgnitionServiceProvider), 14)
#22 /Users/fabtech/Documents/projects/acmbv/vendor/laravel/framework/src/Illuminate/Foundation/Application.php(851): array_walk(Array, Object(Closure))
#23 /Users/fabtech/Documents/projects/acmbv/vendor/laravel/framework/src/Illuminate/Foundation/Bootstrap/BootProviders.php(17): Illuminate\\Foundation\\Application->boot()
#24 /Users/fabtech/Documents/projects/acmbv/vendor/laravel/framework/src/Illuminate/Foundation/Application.php(230): Illuminate\\Foundation\\Bootstrap\\BootProviders->bootstrap(Object(Illuminate\\Foundation\\Application))
#25 /Users/fabtech/Documents/projects/acmbv/vendor/laravel/framework/src/Illuminate/Foundation/Console/Kernel.php(310): Illuminate\\Foundation\\Application->bootstrapWith(Array)
#26 /Users/fabtech/Documents/projects/acmbv/vendor/laravel/framework/src/Illuminate/Foundation/Console/Kernel.php(127): Illuminate\\Foundation\\Console\\Kernel->bootstrap()
#27 /Users/fabtech/Documents/projects/acmbv/artisan(37): Illuminate\\Foundation\\Console\\Kernel->handle(Object(Symfony\\Component\\Console\\Input\\ArgvInput), Object(Symfony\\Component\\Console\\Output\\ConsoleOutput))
#28 {main}
"} 
[2026-04-18 21:22:38] local.ERROR: SQLSTATE[42S02]: Base table or view not found: 1146 Table 'db_petro.horarios' doesn't exist (SQL: select exists(select * from `horarios` where `sab` = 1 and 21:04 BETWEEN de and ate and `horarios`.`deleted_at` is null) as `exists`) {"exception":"[object] (Illuminate\\Database\\QueryException(code: 42S02): SQLSTATE[42S02]: Base table or view not found: 1146 Table 'db_petro.horarios' doesn't exist (SQL: select exists(select * from `horarios` where `sab` = 1 and 21:04 BETWEEN de and ate and `horarios`.`deleted_at` is null) as `exists`) at /Users/fabtech/Documents/projects/acmbv/vendor/laravel/framework/src/Illuminate/Database/Connection.php:671)
[stacktrace]
#0 /Users/fabtech/Documents/projects/acmbv/vendor/laravel/framework/src/Illuminate/Database/Connection.php(631): Illuminate\\Database\\Connection->runQueryCallback('select exists(s...', Array, Object(Closure))
#1 /Users/fabtech/Documents/projects/acmbv/vendor/laravel/framework/src/Illuminate/Database/Connection.php(339): Illuminate\\Database\\Connection->run('select exists(s...', Array, Object(Closure))
#2 /Users/fabtech/Documents/projects/acmbv/vendor/laravel/framework/src/Illuminate/Database/Query/Builder.php(2543): Illuminate\\Database\\Connection->select('select exists(s...', Array, true)
#3 /Users/fabtech/Documents/projects/acmbv/vendor/laravel/framework/src/Illuminate/Database/Eloquent/Builder.php(1411): Illuminate\\Database\\Query\\Builder->exists()
#4 /Users/fabtech/Documents/projects/acmbv/app/Models/Horario.php(90): Illuminate\\Database\\Eloquent\\Builder->__call('exists', Array)
#5 /Users/fabtech/Documents/projects/acmbv/app/Http/Controllers/Site/Controller.php(26): App\\Models\\Horario::lojaAberta()
#6 /Users/fabtech/Documents/projects/acmbv/vendor/laravel/framework/src/Illuminate/Pipeline/Pipeline.php(149): App\\Http\\Controllers\\Site\\Controller->App\\Http\\Controllers\\Site\\{closure}(Object(Illuminate\\Http\\Request), Object(Closure))
#7 /Users/fabtech/Documents/projects/acmbv/app/Http/Middleware/LgpdAceiteMiddleware.php(32): Illuminate\\Pipeline\\Pipeline->Illuminate\\Pipeline\\{closure}(Object(Illuminate\\Http\\Request))
#8 /Users/fabtech/Documents/projects/acmbv/vendor/laravel/framework/src/Illuminate/Pipeline/Pipeline.php(167): App\\Http\\Middleware\\LgpdAceiteMiddleware->handle(Object(Illuminate\\Http\\Request), Object(Closure))
#9 /Users/fabtech/Documents/projects/acmbv/vendor/laravel/framework/src/Illuminate/Routing/Middleware/SubstituteBindings.php(41): Illuminate\\Pipeline\\Pipeline->Illuminate\\Pipeline\\{closure}(Object(Illuminate\\Http\\Request))
#10 /Users/fabtech/Documents/projects/acmbv/vendor/laravel/framework/src/Illuminate/Pipeline/Pipeline.php(167): Illuminate\\Routing\\Middleware\\SubstituteBindings->handle(Object(Illuminate\\Http\\Request), Object(Closure))
#11 /Users/fabtech/Documents/projects/acmbv/vendor/laravel/framework/src/Illuminate/Foundation/Http/Middleware/VerifyCsrfToken.php(77): Illuminate\\Pipeline\\Pipeline->Illuminate\\Pipeline\\{closure}(Object(Illuminate\\Http\\Request))
#12 /Users/fabtech/Documents/projects/acmbv/vendor/laravel/framework/src/Illuminate/Pipeline/Pipeline.php(167): Illuminate\\Foundation\\Http\\Middleware\\VerifyCsrfToken->handle(Object(Illuminate\\Http\\Request), Object(Closure))
#13 /Users/fabtech/Documents/projects/acmbv/vendor/laravel/framework/src/Illuminate/Session/Middleware/AuthenticateSession.php(39): Illuminate\\Pipeline\\Pipeline->Illuminate\\Pipeline\\{closure}(Object(Illuminate\\Http\\Request))
#14 /Users/fabtech/Documents/projects/acmbv/vendor/laravel/framework/src/Illuminate/Pipeline/Pipeline.php(167): Illuminate\\Session\\Middleware\\AuthenticateSession->handle(Object(Illuminate\\Http\\Request), Object(Closure))
#15 /Users/fabtech/Documents/projects/acmbv/vendor/laravel/framework/src/Illuminate/View/Middleware/ShareErrorsFromSession.php(49): Illuminate\\Pipeline\\Pipeline->Illuminate\\Pipeline\\{closure}(Object(Illuminate\\Http\\Request))
#16 /Users/fabtech/Documents/projects/acmbv/vendor/laravel/framework/src/Illuminate/Pipeline/Pipeline.php(167): Illuminate\\View\\Middleware\\ShareErrorsFromSession->handle(Object(Illuminate\\Http\\Request), Object(Closure))
#17 /Users/fabtech/Documents/projects/acmbv/vendor/laravel/framework/src/Illuminate/Session/Middleware/StartSession.php(116): Illuminate\\Pipeline\\Pipeline->Illuminate\\Pipeline\\{closure}(Object(Illuminate\\Http\\Request))
#18 /Users/fabtech/Documents/projects/acmbv/vendor/laravel/framework/src/Illuminate/Session/Middleware/StartSession.php(62): Illuminate\\Session\\Middleware\\StartSession->handleStatefulRequest(Object(Illuminate\\Http\\Request), Object(Illuminate\\Session\\Store), Object(Closure))
#19 /Users/fabtech/Documents/projects/acmbv/vendor/laravel/framework/src/Illuminate/Pipeline/Pipeline.php(167): Illuminate\\Session\\Middleware\\StartSession->handle(Object(Illuminate\\Http\\Request), Object(Closure))
#20 /Users/fabtech/Documents/projects/acmbv/vendor/laravel/framework/src/Illuminate/Cookie/Middleware/AddQueuedCookiesToResponse.php(37): Illuminate\\Pipeline\\Pipeline->Illuminate\\Pipeline\\{closure}(Object(Illuminate\\Http\\Request))
#21 /Users/fabtech/Documents/projects/acmbv/vendor/laravel/framework/src/Illuminate/Pipeline/Pipeline.php(167): Illuminate\\Cookie\\Middleware\\AddQueuedCookiesToResponse->handle(Object(Illuminate\\Http\\Request), Object(Closure))
#22 /Users/fabtech/Documents/projects/acmbv/vendor/laravel/framework/src/Illuminate/Cookie/Middleware/EncryptCookies.php(67): Illuminate\\Pipeline\\Pipeline->Illuminate\\Pipeline\\{closure}(Object(Illuminate\\Http\\Request))
#23 /Users/fabtech/Documents/projects/acmbv/vendor/laravel/framework/src/Illuminate/Pipeline/Pipeline.php(167): Illuminate\\Cookie\\Middleware\\EncryptCookies->handle(Object(Illuminate\\Http\\Request), Object(Closure))
#24 /Users/fabtech/Documents/projects/acmbv/vendor/laravel/framework/src/Illuminate/Pipeline/Pipeline.php(103): Illuminate\\Pipeline\\Pipeline->Illuminate\\Pipeline\\{closure}(Object(Illuminate\\Http\\Request))
#25 /Users/fabtech/Documents/projects/acmbv/vendor/laravel/framework/src/Illuminate/Routing/Router.php(687): Illuminate\\Pipeline\\Pipeline->then(Object(Closure))
#26 /Users/fabtech/Documents/projects/acmbv/vendor/laravel/framework/src/Illuminate/Routing/Router.php(662): Illuminate\\Routing\\Router->runRouteWithinStack(Object(Illuminate\\Routing\\Route), Object(Illuminate\\Http\\Request))
#27 /Users/fabtech/Documents/projects/acmbv/vendor/laravel/framework/src/Illuminate/Routing/Router.php(628): Illuminate\\Routing\\Router->runRoute(Object(Illuminate\\Http\\Request), Object(Illuminate\\Routing\\Route))
#28 /Users/fabtech/Documents/projects/acmbv/vendor/laravel/framework/src/Illuminate/Routing/Router.php(617): Illuminate\\Routing\\Router->dispatchToRoute(Object(Illuminate\\Http\\Request))
#29 /Users/fabtech/Documents/projects/acmbv/vendor/laravel/framework/src/Illuminate/Foundation/Http/Kernel.php(165): Illuminate\\Routing\\Router->dispatch(Object(Illuminate\\Http\\Request))
#30 /Users/fabtech/Documents/projects/acmbv/vendor/laravel/framework/src/Illuminate/Pipeline/Pipeline.php(128): Illuminate\\Foundation\\Http\\Kernel->Illuminate\\Foundation\\Http\\{closure}(Object(Illuminate\\Http\\Request))
#31 /Users/fabtech/Documents/projects/acmbv/vendor/fruitcake/laravel-cors/src/HandleCors.php(37): Illuminate\\Pipeline\\Pipeline->Illuminate\\Pipeline\\{closure}(Object(Illuminate\\Http\\Request))
#32 /Users/fabtech/Documents/projects/acmbv/vendor/laravel/framework/src/Illuminate/Pipeline/Pipeline.php(167): Fruitcake\\Cors\\HandleCors->handle(Object(Illuminate\\Http\\Request), Object(Closure))
#33 /Users/fabtech/Documents/projects/acmbv/vendor/laravel/framework/src/Illuminate/Foundation/Http/Middleware/TransformsRequest.php(21): Illuminate\\Pipeline\\Pipeline->Illuminate\\Pipeline\\{closure}(Object(Illuminate\\Http\\Request))
#34 /Users/fabtech/Documents/projects/acmbv/vendor/laravel/framework/src/Illuminate/Pipeline/Pipeline.php(167): Illuminate\\Foundation\\Http\\Middleware\\TransformsRequest->handle(Object(Illuminate\\Http\\Request), Object(Closure))
#35 /Users/fabtech/Documents/projects/acmbv/vendor/laravel/framework/src/Illuminate/Foundation/Http/Middleware/TransformsRequest.php(21): Illuminate\\Pipeline\\Pipeline->Illuminate\\Pipeline\\{closure}(Object(Illuminate\\Http\\Request))
#36 /Users/fabtech/Documents/projects/acmbv/vendor/laravel/framework/src/Illuminate/Pipeline/Pipeline.php(167): Illuminate\\Foundation\\Http\\Middleware\\TransformsRequest->handle(Object(Illuminate\\Http\\Request), Object(Closure))
#37 /Users/fabtech/Documents/projects/acmbv/vendor/laravel/framework/src/Illuminate/Foundation/Http/Middleware/ValidatePostSize.php(27): Illuminate\\Pipeline\\Pipeline->Illuminate\\Pipeline\\{closure}(Object(Illuminate\\Http\\Request))
#38 /Users/fabtech/Documents/projects/acmbv/vendor/laravel/framework/src/Illuminate/Pipeline/Pipeline.php(167): Illuminate\\Foundation\\Http\\Middleware\\ValidatePostSize->handle(Object(Illuminate\\Http\\Request), Object(Closure))
#39 /Users/fabtech/Documents/projects/acmbv/vendor/laravel/framework/src/Illuminate/Foundation/Http/Middleware/CheckForMaintenanceMode.php(63): Illuminate\\Pipeline\\Pipeline->Illuminate\\Pipeline\\{closure}(Object(Illuminate\\Http\\Request))
#40 /Users/fabtech/Documents/projects/acmbv/vendor/laravel/framework/src/Illuminate/Pipeline/Pipeline.php(167): Illuminate\\Foundation\\Http\\Middleware\\CheckForMaintenanceMode->handle(Object(Illuminate\\Http\\Request), Object(Closure))
#41 /Users/fabtech/Documents/projects/acmbv/vendor/fideloper/proxy/src/TrustProxies.php(57): Illuminate\\Pipeline\\Pipeline->Illuminate\\Pipeline\\{closure}(Object(Illuminate\\Http\\Request))
#42 /Users/fabtech/Documents/projects/acmbv/vendor/laravel/framework/src/Illuminate/Pipeline/Pipeline.php(167): Fideloper\\Proxy\\TrustProxies->handle(Object(Illuminate\\Http\\Request), Object(Closure))
#43 /Users/fabtech/Documents/projects/acmbv/vendor/laravel/framework/src/Illuminate/Pipeline/Pipeline.php(103): Illuminate\\Pipeline\\Pipeline->Illuminate\\Pipeline\\{closure}(Object(Illuminate\\Http\\Request))
#44 /Users/fabtech/Documents/projects/acmbv/vendor/laravel/framework/src/Illuminate/Foundation/Http/Kernel.php(140): Illuminate\\Pipeline\\Pipeline->then(Object(Closure))
#45 /Users/fabtech/Documents/projects/acmbv/vendor/laravel/framework/src/Illuminate/Foundation/Http/Kernel.php(109): Illuminate\\Foundation\\Http\\Kernel->sendRequestThroughRouter(Object(Illuminate\\Http\\Request))
#46 /Users/fabtech/Documents/projects/acmbv/public/index.php(55): Illuminate\\Foundation\\Http\\Kernel->handle(Object(Illuminate\\Http\\Request))
#47 /Users/fabtech/Documents/projects/acmbv/server.php(21): require_once('/Users/fabtech/...')
#48 {main}

[previous exception] [object] (Doctrine\\DBAL\\Driver\\PDO\\Exception(code: 42S02): SQLSTATE[42S02]: Base table or view not found: 1146 Table 'db_petro.horarios' doesn't exist at /Users/fabtech/Documents/projects/acmbv/vendor/doctrine/dbal/lib/Doctrine/DBAL/Driver/PDO/Exception.php:18)
[stacktrace]
#0 /Users/fabtech/Documents/projects/acmbv/vendor/doctrine/dbal/lib/Doctrine/DBAL/Driver/PDOConnection.php(83): Doctrine\\DBAL\\Driver\\PDO\\Exception::new(Object(PDOException))
#1 /Users/fabtech/Documents/projects/acmbv/vendor/laravel/framework/src/Illuminate/Database/Connection.php(331): Doctrine\\DBAL\\Driver\\PDOConnection->prepare('select exists(s...')
#2 /Users/fabtech/Documents/projects/acmbv/vendor/laravel/framework/src/Illuminate/Database/Connection.php(664): Illuminate\\Database\\Connection->Illuminate\\Database\\{closure}('select exists(s...', Array)
#3 /Users/fabtech/Documents/projects/acmbv/vendor/laravel/framework/src/Illuminate/Database/Connection.php(631): Illuminate\\Database\\Connection->runQueryCallback('select exists(s...', Array, Object(Closure))
#4 /Users/fabtech/Documents/projects/acmbv/vendor/laravel/framework/src/Illuminate/Database/Connection.php(339): Illuminate\\Database\\Connection->run('select exists(s...', Array, Object(Closure))
#5 /Users/fabtech/Documents/projects/acmbv/vendor/laravel/framework/src/Illuminate/Database/Query/Builder.php(2543): Illuminate\\Database\\Connection->select('select exists(s...', Array, true)
#6 /Users/fabtech/Documents/projects/acmbv/vendor/laravel/framework/src/Illuminate/Database/Eloquent/Builder.php(1411): Illuminate\\Database\\Query\\Builder->exists()
#7 /Users/fabtech/Documents/projects/acmbv/app/Models/Horario.php(90): Illuminate\\Database\\Eloquent\\Builder->__call('exists', Array)
#8 /Users/fabtech/Documents/projects/acmbv/app/Http/Controllers/Site/Controller.php(26): App\\Models\\Horario::lojaAberta()
#9 /Users/fabtech/Documents/projects/acmbv/vendor/laravel/framework/src/Illuminate/Pipeline/Pipeline.php(149): App\\Http\\Controllers\\Site\\Controller->App\\Http\\Controllers\\Site\\{closure}(Object(Illuminate\\Http\\Request), Object(Closure))
#10 /Users/fabtech/Documents/projects/acmbv/app/Http/Middleware/LgpdAceiteMiddleware.php(32): Illuminate\\Pipeline\\Pipeline->Illuminate\\Pipeline\\{closure}(Object(Illuminate\\Http\\Request))
#11 /Users/fabtech/Documents/projects/acmbv/vendor/laravel/framework/src/Illuminate/Pipeline/Pipeline.php(167): App\\Http\\Middleware\\LgpdAceiteMiddleware->handle(Object(Illuminate\\Http\\Request), Object(Closure))
#12 /Users/fabtech/Documents/projects/acmbv/vendor/laravel/framework/src/Illuminate/Routing/Middleware/SubstituteBindings.php(41): Illuminate\\Pipeline\\Pipeline->Illuminate\\Pipeline\\{closure}(Object(Illuminate\\Http\\Request))
#13 /Users/fabtech/Documents/projects/acmbv/vendor/laravel/framework/src/Illuminate/Pipeline/Pipeline.php(167): Illuminate\\Routing\\Middleware\\SubstituteBindings->handle(Object(Illuminate\\Http\\Request), Object(Closure))
#14 /Users/fabtech/Documents/projects/acmbv/vendor/laravel/framework/src/Illuminate/Foundation/Http/Middleware/VerifyCsrfToken.php(77): Illuminate\\Pipeline\\Pipeline->Illuminate\\Pipeline\\{closure}(Object(Illuminate\\Http\\Request))
#15 /Users/fabtech/Documents/projects/acmbv/vendor/laravel/framework/src/Illuminate/Pipeline/Pipeline.php(167): Illuminate\\Foundation\\Http\\Middleware\\VerifyCsrfToken->handle(Object(Illuminate\\Http\\Request), Object(Closure))
#16 /Users/fabtech/Documents/projects/acmbv/vendor/laravel/framework/src/Illuminate/Session/Middleware/AuthenticateSession.php(39): Illuminate\\Pipeline\\Pipeline->Illuminate\\Pipeline\\{closure}(Object(Illuminate\\Http\\Request))
#17 /Users/fabtech/Documents/projects/acmbv/vendor/laravel/framework/src/Illuminate/Pipeline/Pipeline.php(167): Illuminate\\Session\\Middleware\\AuthenticateSession->handle(Object(Illuminate\\Http\\Request), Object(Closure))
#18 /Users/fabtech/Documents/projects/acmbv/vendor/laravel/framework/src/Illuminate/View/Middleware/ShareErrorsFromSession.php(49): Illuminate\\Pipeline\\Pipeline->Illuminate\\Pipeline\\{closure}(Object(Illuminate\\Http\\Request))
#19 /Users/fabtech/Documents/projects/acmbv/vendor/laravel/framework/src/Illuminate/Pipeline/Pipeline.php(167): Illuminate\\View\\Middleware\\ShareErrorsFromSession->handle(Object(Illuminate\\Http\\Request), Object(Closure))
#20 /Users/fabtech/Documents/projects/acmbv/vendor/laravel/framework/src/Illuminate/Session/Middleware/StartSession.php(116): Illuminate\\Pipeline\\Pipeline->Illuminate\\Pipeline\\{closure}(Object(Illuminate\\Http\\Request))
#21 /Users/fabtech/Documents/projects/acmbv/vendor/laravel/framework/src/Illuminate/Session/Middleware/StartSession.php(62): Illuminate\\Session\\Middleware\\StartSession->handleStatefulRequest(Object(Illuminate\\Http\\Request), Object(Illuminate\\Session\\Store), Object(Closure))
#22 /Users/fabtech/Documents/projects/acmbv/vendor/laravel/framework/src/Illuminate/Pipeline/Pipeline.php(167): Illuminate\\Session\\Middleware\\StartSession->handle(Object(Illuminate\\Http\\Request), Object(Closure))
#23 /Users/fabtech/Documents/projects/acmbv/vendor/laravel/framework/src/Illuminate/Cookie/Middleware/AddQueuedCookiesToResponse.php(37): Illuminate\\Pipeline\\Pipeline->Illuminate\\Pipeline\\{closure}(Object(Illuminate\\Http\\Request))
#24 /Users/fabtech/Documents/projects/acmbv/vendor/laravel/framework/src/Illuminate/Pipeline/Pipeline.php(167): Illuminate\\Cookie\\Middleware\\AddQueuedCookiesToResponse->handle(Object(Illuminate\\Http\\Request), Object(Closure))
#25 /Users/fabtech/Documents/projects/acmbv/vendor/laravel/framework/src/Illuminate/Cookie/Middleware/EncryptCookies.php(67): Illuminate\\Pipeline\\Pipeline->Illuminate\\Pipeline\\{closure}(Object(Illuminate\\Http\\Request))
#26 /Users/fabtech/Documents/projects/acmbv/vendor/laravel/framework/src/Illuminate/Pipeline/Pipeline.php(167): Illuminate\\Cookie\\Middleware\\EncryptCookies->handle(Object(Illuminate\\Http\\Request), Object(Closure))
#27 /Users/fabtech/Documents/projects/acmbv/vendor/laravel/framework/src/Illuminate/Pipeline/Pipeline.php(103): Illuminate\\Pipeline\\Pipeline->Illuminate\\Pipeline\\{closure}(Object(Illuminate\\Http\\Request))
#28 /Users/fabtech/Documents/projects/acmbv/vendor/laravel/framework/src/Illuminate/Routing/Router.php(687): Illuminate\\Pipeline\\Pipeline->then(Object(Closure))
#29 /Users/fabtech/Documents/projects/acmbv/vendor/laravel/framework/src/Illuminate/Routing/Router.php(662): Illuminate\\Routing\\Router->runRouteWithinStack(Object(Illuminate\\Routing\\Route), Object(Illuminate\\Http\\Request))
#30 /Users/fabtech/Documents/projects/acmbv/vendor/laravel/framework/src/Illuminate/Routing/Router.php(628): Illuminate\\Routing\\Router->runRoute(Object(Illuminate\\Http\\Request), Object(Illuminate\\Routing\\Route))
#31 /Users/fabtech/Documents/projects/acmbv/vendor/laravel/framework/src/Illuminate/Routing/Router.php(617): Illuminate\\Routing\\Router->dispatchToRoute(Object(Illuminate\\Http\\Request))
#32 /Users/fabtech/Documents/projects/acmbv/vendor/laravel/framework/src/Illuminate/Foundation/Http/Kernel.php(165): Illuminate\\Routing\\Router->dispatch(Object(Illuminate\\Http\\Request))
#33 /Users/fabtech/Documents/projects/acmbv/vendor/laravel/framework/src/Illuminate/Pipeline/Pipeline.php(128): Illuminate\\Foundation\\Http\\Kernel->Illuminate\\Foundation\\Http\\{closure}(Object(Illuminate\\Http\\Request))
#34 /Users/fabtech/Documents/projects/acmbv/vendor/fruitcake/laravel-cors/src/HandleCors.php(37): Illuminate\\Pipeline\\Pipeline->Illuminate\\Pipeline\\{closure}(Object(Illuminate\\Http\\Request))
#35 /Users/fabtech/Documents/projects/acmbv/vendor/laravel/framework/src/Illuminate/Pipeline/Pipeline.php(167): Fruitcake\\Cors\\HandleCors->handle(Object(Illuminate\\Http\\Request), Object(Closure))
#36 /Users/fabtech/Documents/projects/acmbv/vendor/laravel/framework/src/Illuminate/Foundation/Http/Middleware/TransformsRequest.php(21): Illuminate\\Pipeline\\Pipeline->Illuminate\\Pipeline\\{closure}(Object(Illuminate\\Http\\Request))
#37 /Users/fabtech/Documents/projects/acmbv/vendor/laravel/framework/src/Illuminate/Pipeline/Pipeline.php(167): Illuminate\\Foundation\\Http\\Middleware\\TransformsRequest->handle(Object(Illuminate\\Http\\Request), Object(Closure))
#38 /Users/fabtech/Documents/projects/acmbv/vendor/laravel/framework/src/Illuminate/Foundation/Http/Middleware/TransformsRequest.php(21): Illuminate\\Pipeline\\Pipeline->Illuminate\\Pipeline\\{closure}(Object(Illuminate\\Http\\Request))
#39 /Users/fabtech/Documents/projects/acmbv/vendor/laravel/framework/src/Illuminate/Pipeline/Pipeline.php(167): Illuminate\\Foundation\\Http\\Middleware\\TransformsRequest->handle(Object(Illuminate\\Http\\Request), Object(Closure))
#40 /Users/fabtech/Documents/projects/acmbv/vendor/laravel/framework/src/Illuminate/Foundation/Http/Middleware/ValidatePostSize.php(27): Illuminate\\Pipeline\\Pipeline->Illuminate\\Pipeline\\{closure}(Object(Illuminate\\Http\\Request))
#41 /Users/fabtech/Documents/projects/acmbv/vendor/laravel/framework/src/Illuminate/Pipeline/Pipeline.php(167): Illuminate\\Foundation\\Http\\Middleware\\ValidatePostSize->handle(Object(Illuminate\\Http\\Request), Object(Closure))
#42 /Users/fabtech/Documents/projects/acmbv/vendor/laravel/framework/src/Illuminate/Foundation/Http/Middleware/CheckForMaintenanceMode.php(63): Illuminate\\Pipeline\\Pipeline->Illuminate\\Pipeline\\{closure}(Object(Illuminate\\Http\\Request))
#43 /Users/fabtech/Documents/projects/acmbv/vendor/laravel/framework/src/Illuminate/Pipeline/Pipeline.php(167): Illuminate\\Foundation\\Http\\Middleware\\CheckForMaintenanceMode->handle(Object(Illuminate\\Http\\Request), Object(Closure))
#44 /Users/fabtech/Documents/projects/acmbv/vendor/fideloper/proxy/src/TrustProxies.php(57): Illuminate\\Pipeline\\Pipeline->Illuminate\\Pipeline\\{closure}(Object(Illuminate\\Http\\Request))
#45 /Users/fabtech/Documents/projects/acmbv/vendor/laravel/framework/src/Illuminate/Pipeline/Pipeline.php(167): Fideloper\\Proxy\\TrustProxies->handle(Object(Illuminate\\Http\\Request), Object(Closure))
#46 /Users/fabtech/Documents/projects/acmbv/vendor/laravel/framework/src/Illuminate/Pipeline/Pipeline.php(103): Illuminate\\Pipeline\\Pipeline->Illuminate\\Pipeline\\{closure}(Object(Illuminate\\Http\\Request))
#47 /Users/fabtech/Documents/projects/acmbv/vendor/laravel/framework/src/Illuminate/Foundation/Http/Kernel.php(140): Illuminate\\Pipeline\\Pipeline->then(Object(Closure))
#48 /Users/fabtech/Documents/projects/acmbv/vendor/laravel/framework/src/Illuminate/Foundation/Http/Kernel.php(109): Illuminate\\Foundation\\Http\\Kernel->sendRequestThroughRouter(Object(Illuminate\\Http\\Request))
#49 /Users/fabtech/Documents/projects/acmbv/public/index.php(55): Illuminate\\Foundation\\Http\\Kernel->handle(Object(Illuminate\\Http\\Request))
#50 /Users/fabtech/Documents/projects/acmbv/server.php(21): require_once('/Users/fabtech/...')
#51 {main}

[previous exception] [object] (PDOException(code: 42S02): SQLSTATE[42S02]: Base table or view not found: 1146 Table 'db_petro.horarios' doesn't exist at /Users/fabtech/Documents/projects/acmbv/vendor/doctrine/dbal/lib/Doctrine/DBAL/Driver/PDOConnection.php:78)
[stacktrace]
#0 /Users/fabtech/Documents/projects/acmbv/vendor/doctrine/dbal/lib/Doctrine/DBAL/Driver/PDOConnection.php(78): PDO->prepare('select exists(s...', Array)
#1 /Users/fabtech/Documents/projects/acmbv/vendor/laravel/framework/src/Illuminate/Database/Connection.php(331): Doctrine\\DBAL\\Driver\\PDOConnection->prepare('select exists(s...')
#2 /Users/fabtech/Documents/projects/acmbv/vendor/laravel/framework/src/Illuminate/Database/Connection.php(664): Illuminate\\Database\\Connection->Illuminate\\Database\\{closure}('select exists(s...', Array)
#3 /Users/fabtech/Documents/projects/acmbv/vendor/laravel/framework/src/Illuminate/Database/Connection.php(631): Illuminate\\Database\\Connection->runQueryCallback('select exists(s...', Array, Object(Closure))
#4 /Users/fabtech/Documents/projects/acmbv/vendor/laravel/framework/src/Illuminate/Database/Connection.php(339): Illuminate\\Database\\Connection->run('select exists(s...', Array, Object(Closure))
#5 /Users/fabtech/Documents/projects/acmbv/vendor/laravel/framework/src/Illuminate/Database/Query/Builder.php(2543): Illuminate\\Database\\Connection->select('select exists(s...', Array, true)
#6 /Users/fabtech/Documents/projects/acmbv/vendor/laravel/framework/src/Illuminate/Database/Eloquent/Builder.php(1411): Illuminate\\Database\\Query\\Builder->exists()
#7 /Users/fabtech/Documents/projects/acmbv/app/Models/Horario.php(90): Illuminate\\Database\\Eloquent\\Builder->__call('exists', Array)
#8 /Users/fabtech/Documents/projects/acmbv/app/Http/Controllers/Site/Controller.php(26): App\\Models\\Horario::lojaAberta()
#9 /Users/fabtech/Documents/projects/acmbv/vendor/laravel/framework/src/Illuminate/Pipeline/Pipeline.php(149): App\\Http\\Controllers\\Site\\Controller->App\\Http\\Controllers\\Site\\{closure}(Object(Illuminate\\Http\\Request), Object(Closure))
#10 /Users/fabtech/Documents/projects/acmbv/app/Http/Middleware/LgpdAceiteMiddleware.php(32): Illuminate\\Pipeline\\Pipeline->Illuminate\\Pipeline\\{closure}(Object(Illuminate\\Http\\Request))
#11 /Users/fabtech/Documents/projects/acmbv/vendor/laravel/framework/src/Illuminate/Pipeline/Pipeline.php(167): App\\Http\\Middleware\\LgpdAceiteMiddleware->handle(Object(Illuminate\\Http\\Request), Object(Closure))
#12 /Users/fabtech/Documents/projects/acmbv/vendor/laravel/framework/src/Illuminate/Routing/Middleware/SubstituteBindings.php(41): Illuminate\\Pipeline\\Pipeline->Illuminate\\Pipeline\\{closure}(Object(Illuminate\\Http\\Request))
#13 /Users/fabtech/Documents/projects/acmbv/vendor/laravel/framework/src/Illuminate/Pipeline/Pipeline.php(167): Illuminate\\Routing\\Middleware\\SubstituteBindings->handle(Object(Illuminate\\Http\\Request), Object(Closure))
#14 /Users/fabtech/Documents/projects/acmbv/vendor/laravel/framework/src/Illuminate/Foundation/Http/Middleware/VerifyCsrfToken.php(77): Illuminate\\Pipeline\\Pipeline->Illuminate\\Pipeline\\{closure}(Object(Illuminate\\Http\\Request))
#15 /Users/fabtech/Documents/projects/acmbv/vendor/laravel/framework/src/Illuminate/Pipeline/Pipeline.php(167): Illuminate\\Foundation\\Http\\Middleware\\VerifyCsrfToken->handle(Object(Illuminate\\Http\\Request), Object(Closure))
#16 /Users/fabtech/Documents/projects/acmbv/vendor/laravel/framework/src/Illuminate/Session/Middleware/AuthenticateSession.php(39): Illuminate\\Pipeline\\Pipeline->Illuminate\\Pipeline\\{closure}(Object(Illuminate\\Http\\Request))
#17 /Users/fabtech/Documents/projects/acmbv/vendor/laravel/framework/src/Illuminate/Pipeline/Pipeline.php(167): Illuminate\\Session\\Middleware\\AuthenticateSession->handle(Object(Illuminate\\Http\\Request), Object(Closure))
#18 /Users/fabtech/Documents/projects/acmbv/vendor/laravel/framework/src/Illuminate/View/Middleware/ShareErrorsFromSession.php(49): Illuminate\\Pipeline\\Pipeline->Illuminate\\Pipeline\\{closure}(Object(Illuminate\\Http\\Request))
#19 /Users/fabtech/Documents/projects/acmbv/vendor/laravel/framework/src/Illuminate/Pipeline/Pipeline.php(167): Illuminate\\View\\Middleware\\ShareErrorsFromSession->handle(Object(Illuminate\\Http\\Request), Object(Closure))
#20 /Users/fabtech/Documents/projects/acmbv/vendor/laravel/framework/src/Illuminate/Session/Middleware/StartSession.php(116): Illuminate\\Pipeline\\Pipeline->Illuminate\\Pipeline\\{closure}(Object(Illuminate\\Http\\Request))
#21 /Users/fabtech/Documents/projects/acmbv/vendor/laravel/framework/src/Illuminate/Session/Middleware/StartSession.php(62): Illuminate\\Session\\Middleware\\StartSession->handleStatefulRequest(Object(Illuminate\\Http\\Request), Object(Illuminate\\Session\\Store), Object(Closure))
#22 /Users/fabtech/Documents/projects/acmbv/vendor/laravel/framework/src/Illuminate/Pipeline/Pipeline.php(167): Illuminate\\Session\\Middleware\\StartSession->handle(Object(Illuminate\\Http\\Request), Object(Closure))
#23 /Users/fabtech/Documents/projects/acmbv/vendor/laravel/framework/src/Illuminate/Cookie/Middleware/AddQueuedCookiesToResponse.php(37): Illuminate\\Pipeline\\Pipeline->Illuminate\\Pipeline\\{closure}(Object(Illuminate\\Http\\Request))
#24 /Users/fabtech/Documents/projects/acmbv/vendor/laravel/framework/src/Illuminate/Pipeline/Pipeline.php(167): Illuminate\\Cookie\\Middleware\\AddQueuedCookiesToResponse->handle(Object(Illuminate\\Http\\Request), Object(Closure))
#25 /Users/fabtech/Documents/projects/acmbv/vendor/laravel/framework/src/Illuminate/Cookie/Middleware/EncryptCookies.php(67): Illuminate\\Pipeline\\Pipeline->Illuminate\\Pipeline\\{closure}(Object(Illuminate\\Http\\Request))
#26 /Users/fabtech/Documents/projects/acmbv/vendor/laravel/framework/src/Illuminate/Pipeline/Pipeline.php(167): Illuminate\\Cookie\\Middleware\\EncryptCookies->handle(Object(Illuminate\\Http\\Request), Object(Closure))
#27 /Users/fabtech/Documents/projects/acmbv/vendor/laravel/framework/src/Illuminate/Pipeline/Pipeline.php(103): Illuminate\\Pipeline\\Pipeline->Illuminate\\Pipeline\\{closure}(Object(Illuminate\\Http\\Request))
#28 /Users/fabtech/Documents/projects/acmbv/vendor/laravel/framework/src/Illuminate/Routing/Router.php(687): Illuminate\\Pipeline\\Pipeline->then(Object(Closure))
#29 /Users/fabtech/Documents/projects/acmbv/vendor/laravel/framework/src/Illuminate/Routing/Router.php(662): Illuminate\\Routing\\Router->runRouteWithinStack(Object(Illuminate\\Routing\\Route), Object(Illuminate\\Http\\Request))
#30 /Users/fabtech/Documents/projects/acmbv/vendor/laravel/framework/src/Illuminate/Routing/Router.php(628): Illuminate\\Routing\\Router->runRoute(Object(Illuminate\\Http\\Request), Object(Illuminate\\Routing\\Route))
#31 /Users/fabtech/Documents/projects/acmbv/vendor/laravel/framework/src/Illuminate/Routing/Router.php(617): Illuminate\\Routing\\Router->dispatchToRoute(Object(Illuminate\\Http\\Request))
#32 /Users/fabtech/Documents/projects/acmbv/vendor/laravel/framework/src/Illuminate/Foundation/Http/Kernel.php(165): Illuminate\\Routing\\Router->dispatch(Object(Illuminate\\Http\\Request))
#33 /Users/fabtech/Documents/projects/acmbv/vendor/laravel/framework/src/Illuminate/Pipeline/Pipeline.php(128): Illuminate\\Foundation\\Http\\Kernel->Illuminate\\Foundation\\Http\\{closure}(Object(Illuminate\\Http\\Request))
#34 /Users/fabtech/Documents/projects/acmbv/vendor/fruitcake/laravel-cors/src/HandleCors.php(37): Illuminate\\Pipeline\\Pipeline->Illuminate\\Pipeline\\{closure}(Object(Illuminate\\Http\\Request))
#35 /Users/fabtech/Documents/projects/acmbv/vendor/laravel/framework/src/Illuminate/Pipeline/Pipeline.php(167): Fruitcake\\Cors\\HandleCors->handle(Object(Illuminate\\Http\\Request), Object(Closure))
#36 /Users/fabtech/Documents/projects/acmbv/vendor/laravel/framework/src/Illuminate/Foundation/Http/Middleware/TransformsRequest.php(21): Illuminate\\Pipeline\\Pipeline->Illuminate\\Pipeline\\{closure}(Object(Illuminate\\Http\\Request))
#37 /Users/fabtech/Documents/projects/acmbv/vendor/laravel/framework/src/Illuminate/Pipeline/Pipeline.php(167): Illuminate\\Foundation\\Http\\Middleware\\TransformsRequest->handle(Object(Illuminate\\Http\\Request), Object(Closure))
#38 /Users/fabtech/Documents/projects/acmbv/vendor/laravel/framework/src/Illuminate/Foundation/Http/Middleware/TransformsRequest.php(21): Illuminate\\Pipeline\\Pipeline->Illuminate\\Pipeline\\{closure}(Object(Illuminate\\Http\\Request))
#39 /Users/fabtech/Documents/projects/acmbv/vendor/laravel/framework/src/Illuminate/Pipeline/Pipeline.php(167): Illuminate\\Foundation\\Http\\Middleware\\TransformsRequest->handle(Object(Illuminate\\Http\\Request), Object(Closure))
#40 /Users/fabtech/Documents/projects/acmbv/vendor/laravel/framework/src/Illuminate/Foundation/Http/Middleware/ValidatePostSize.php(27): Illuminate\\Pipeline\\Pipeline->Illuminate\\Pipeline\\{closure}(Object(Illuminate\\Http\\Request))
#41 /Users/fabtech/Documents/projects/acmbv/vendor/laravel/framework/src/Illuminate/Pipeline/Pipeline.php(167): Illuminate\\Foundation\\Http\\Middleware\\ValidatePostSize->handle(Object(Illuminate\\Http\\Request), Object(Closure))
#42 /Users/fabtech/Documents/projects/acmbv/vendor/laravel/framework/src/Illuminate/Foundation/Http/Middleware/CheckForMaintenanceMode.php(63): Illuminate\\Pipeline\\Pipeline->Illuminate\\Pipeline\\{closure}(Object(Illuminate\\Http\\Request))
#43 /Users/fabtech/Documents/projects/acmbv/vendor/laravel/framework/src/Illuminate/Pipeline/Pipeline.php(167): Illuminate\\Foundation\\Http\\Middleware\\CheckForMaintenanceMode->handle(Object(Illuminate\\Http\\Request), Object(Closure))
#44 /Users/fabtech/Documents/projects/acmbv/vendor/fideloper/proxy/src/TrustProxies.php(57): Illuminate\\Pipeline\\Pipeline->Illuminate\\Pipeline\\{closure}(Object(Illuminate\\Http\\Request))
#45 /Users/fabtech/Documents/projects/acmbv/vendor/laravel/framework/src/Illuminate/Pipeline/Pipeline.php(167): Fideloper\\Proxy\\TrustProxies->handle(Object(Illuminate\\Http\\Request), Object(Closure))
#46 /Users/fabtech/Documents/projects/acmbv/vendor/laravel/framework/src/Illuminate/Pipeline/Pipeline.php(103): Illuminate\\Pipeline\\Pipeline->Illuminate\\Pipeline\\{closure}(Object(Illuminate\\Http\\Request))
#47 /Users/fabtech/Documents/projects/acmbv/vendor/laravel/framework/src/Illuminate/Foundation/Http/Kernel.php(140): Illuminate\\Pipeline\\Pipeline->then(Object(Closure))
#48 /Users/fabtech/Documents/projects/acmbv/vendor/laravel/framework/src/Illuminate/Foundation/Http/Kernel.php(109): Illuminate\\Foundation\\Http\\Kernel->sendRequestThroughRouter(Object(Illuminate\\Http\\Request))
#49 /Users/fabtech/Documents/projects/acmbv/public/index.php(55): Illuminate\\Foundation\\Http\\Kernel->handle(Object(Illuminate\\Http\\Request))
#50 /Users/fabtech/Documents/projects/acmbv/server.php(21): require_once('/Users/fabtech/...')
#51 {main}
"} 
[2026-04-18 22:57:31] local.ERROR: Undefined variable: sobreNos (View: /Users/fabtech/Documents/projects/acmbv/resources/views/site/home/_sobre.blade.php) (View: /Users/fabtech/Documents/projects/acmbv/resources/views/site/home/_sobre.blade.php) {"exception":"[object] (ErrorException(code: 0): Undefined variable: sobreNos (View: /Users/fabtech/Documents/projects/acmbv/resources/views/site/home/_sobre.blade.php) (View: /Users/fabtech/Documents/projects/acmbv/resources/views/site/home/_sobre.blade.php) at /Users/fabtech/Documents/projects/acmbv/storage/framework/views/852214117ce177108a675dd3b46ac8a25d50f756.php:10)
[stacktrace]
#0 /Users/fabtech/Documents/projects/acmbv/vendor/livewire/livewire/src/CompilerEngine.php(38): Illuminate\\View\\Engines\\CompilerEngine->handleViewException(Object(ErrorException), 1)
#1 /Users/fabtech/Documents/projects/acmbv/vendor/laravel/framework/src/Illuminate/View/Engines/PhpEngine.php(43): Livewire\\CompilerEngine->handleViewException(Object(ErrorException), 1)
#2 /Users/fabtech/Documents/projects/acmbv/vendor/livewire/livewire/src/LivewireViewCompilerEngine.php(32): Illuminate\\View\\Engines\\PhpEngine->evaluatePath('/Users/fabtech/...', Array)
#3 /Users/fabtech/Documents/projects/acmbv/vendor/laravel/framework/src/Illuminate/View/Engines/CompilerEngine.php(57): Livewire\\LivewireViewCompilerEngine->evaluatePath('/Users/fabtech/...', Array)
#4 /Users/fabtech/Documents/projects/acmbv/vendor/laravel/framework/src/Illuminate/View/View.php(139): Illuminate\\View\\Engines\\CompilerEngine->get('/Users/fabtech/...', Array)
#5 /Users/fabtech/Documents/projects/acmbv/vendor/laravel/framework/src/Illuminate/View/View.php(122): Illuminate\\View\\View->getContents()
#6 /Users/fabtech/Documents/projects/acmbv/vendor/laravel/framework/src/Illuminate/View/View.php(91): Illuminate\\View\\View->renderContents()
#7 /Users/fabtech/Documents/projects/acmbv/vendor/laravel/framework/src/Illuminate/Http/Response.php(62): Illuminate\\View\\View->render()
#8 /Users/fabtech/Documents/projects/acmbv/vendor/laravel/framework/src/Illuminate/Http/Response.php(34): Illuminate\\Http\\Response->setContent(Object(Illuminate\\View\\View))
#9 /Users/fabtech/Documents/projects/acmbv/vendor/laravel/framework/src/Illuminate/Routing/Router.php(759): Illuminate\\Http\\Response->__construct(Object(Illuminate\\View\\View), 200, Array)
#10 /Users/fabtech/Documents/projects/acmbv/vendor/laravel/framework/src/Illuminate/Routing/Router.php(731): Illuminate\\Routing\\Router::toResponse(Object(Illuminate\\Http\\Request), Object(Illuminate\\View\\View))
#11 /Users/fabtech/Documents/projects/acmbv/vendor/laravel/framework/src/Illuminate/Routing/Router.php(685): Illuminate\\Routing\\Router->prepareResponse(Object(Illuminate\\Http\\Request), Object(Illuminate\\View\\View))
#12 /Users/fabtech/Documents/projects/acmbv/vendor/laravel/framework/src/Illuminate/Pipeline/Pipeline.php(128): Illuminate\\Routing\\Router->Illuminate\\Routing\\{closure}(Object(Illuminate\\Http\\Request))
#13 /Users/fabtech/Documents/projects/acmbv/app/Http/Controllers/Site/Controller.php(45): Illuminate\\Pipeline\\Pipeline->Illuminate\\Pipeline\\{closure}(Object(Illuminate\\Http\\Request))
#14 /Users/fabtech/Documents/projects/acmbv/vendor/laravel/framework/src/Illuminate/Pipeline/Pipeline.php(149): App\\Http\\Controllers\\Site\\Controller->App\\Http\\Controllers\\Site\\{closure}(Object(Illuminate\\Http\\Request), Object(Closure))
#15 /Users/fabtech/Documents/projects/acmbv/app/Http/Middleware/LgpdAceiteMiddleware.php(32): Illuminate\\Pipeline\\Pipeline->Illuminate\\Pipeline\\{closure}(Object(Illuminate\\Http\\Request))
#16 /Users/fabtech/Documents/projects/acmbv/vendor/laravel/framework/src/Illuminate/Pipeline/Pipeline.php(167): App\\Http\\Middleware\\LgpdAceiteMiddleware->handle(Object(Illuminate\\Http\\Request), Object(Closure))
#17 /Users/fabtech/Documents/projects/acmbv/vendor/laravel/framework/src/Illuminate/Routing/Middleware/SubstituteBindings.php(41): Illuminate\\Pipeline\\Pipeline->Illuminate\\Pipeline\\{closure}(Object(Illuminate\\Http\\Request))
#18 /Users/fabtech/Documents/projects/acmbv/vendor/laravel/framework/src/Illuminate/Pipeline/Pipeline.php(167): Illuminate\\Routing\\Middleware\\SubstituteBindings->handle(Object(Illuminate\\Http\\Request), Object(Closure))
#19 /Users/fabtech/Documents/projects/acmbv/vendor/laravel/framework/src/Illuminate/Foundation/Http/Middleware/VerifyCsrfToken.php(77): Illuminate\\Pipeline\\Pipeline->Illuminate\\Pipeline\\{closure}(Object(Illuminate\\Http\\Request))
#20 /Users/fabtech/Documents/projects/acmbv/vendor/laravel/framework/src/Illuminate/Pipeline/Pipeline.php(167): Illuminate\\Foundation\\Http\\Middleware\\VerifyCsrfToken->handle(Object(Illuminate\\Http\\Request), Object(Closure))
#21 /Users/fabtech/Documents/projects/acmbv/vendor/laravel/framework/src/Illuminate/Session/Middleware/AuthenticateSession.php(39): Illuminate\\Pipeline\\Pipeline->Illuminate\\Pipeline\\{closure}(Object(Illuminate\\Http\\Request))
#22 /Users/fabtech/Documents/projects/acmbv/vendor/laravel/framework/src/Illuminate/Pipeline/Pipeline.php(167): Illuminate\\Session\\Middleware\\AuthenticateSession->handle(Object(Illuminate\\Http\\Request), Object(Closure))
#23 /Users/fabtech/Documents/projects/acmbv/vendor/laravel/framework/src/Illuminate/View/Middleware/ShareErrorsFromSession.php(49): Illuminate\\Pipeline\\Pipeline->Illuminate\\Pipeline\\{closure}(Object(Illuminate\\Http\\Request))
#24 /Users/fabtech/Documents/projects/acmbv/vendor/laravel/framework/src/Illuminate/Pipeline/Pipeline.php(167): Illuminate\\View\\Middleware\\ShareErrorsFromSession->handle(Object(Illuminate\\Http\\Request), Object(Closure))
#25 /Users/fabtech/Documents/projects/acmbv/vendor/laravel/framework/src/Illuminate/Session/Middleware/StartSession.php(116): Illuminate\\Pipeline\\Pipeline->Illuminate\\Pipeline\\{closure}(Object(Illuminate\\Http\\Request))
#26 /Users/fabtech/Documents/projects/acmbv/vendor/laravel/framework/src/Illuminate/Session/Middleware/StartSession.php(62): Illuminate\\Session\\Middleware\\StartSession->handleStatefulRequest(Object(Illuminate\\Http\\Request), Object(Illuminate\\Session\\Store), Object(Closure))
#27 /Users/fabtech/Documents/projects/acmbv/vendor/laravel/framework/src/Illuminate/Pipeline/Pipeline.php(167): Illuminate\\Session\\Middleware\\StartSession->handle(Object(Illuminate\\Http\\Request), Object(Closure))
#28 /Users/fabtech/Documents/projects/acmbv/vendor/laravel/framework/src/Illuminate/Cookie/Middleware/AddQueuedCookiesToResponse.php(37): Illuminate\\Pipeline\\Pipeline->Illuminate\\Pipeline\\{closure}(Object(Illuminate\\Http\\Request))
#29 /Users/fabtech/Documents/projects/acmbv/vendor/laravel/framework/src/Illuminate/Pipeline/Pipeline.php(167): Illuminate\\Cookie\\Middleware\\AddQueuedCookiesToResponse->handle(Object(Illuminate\\Http\\Request), Object(Closure))
#30 /Users/fabtech/Documents/projects/acmbv/vendor/laravel/framework/src/Illuminate/Cookie/Middleware/EncryptCookies.php(67): Illuminate\\Pipeline\\Pipeline->Illuminate\\Pipeline\\{closure}(Object(Illuminate\\Http\\Request))
#31 /Users/fabtech/Documents/projects/acmbv/vendor/laravel/framework/src/Illuminate/Pipeline/Pipeline.php(167): Illuminate\\Cookie\\Middleware\\EncryptCookies->handle(Object(Illuminate\\Http\\Request), Object(Closure))
#32 /Users/fabtech/Documents/projects/acmbv/vendor/laravel/framework/src/Illuminate/Pipeline/Pipeline.php(103): Illuminate\\Pipeline\\Pipeline->Illuminate\\Pipeline\\{closure}(Object(Illuminate\\Http\\Request))
#33 /Users/fabtech/Documents/projects/acmbv/vendor/laravel/framework/src/Illuminate/Routing/Router.php(687): Illuminate\\Pipeline\\Pipeline->then(Object(Closure))
#34 /Users/fabtech/Documents/projects/acmbv/vendor/laravel/framework/src/Illuminate/Routing/Router.php(662): Illuminate\\Routing\\Router->runRouteWithinStack(Object(Illuminate\\Routing\\Route), Object(Illuminate\\Http\\Request))
#35 /Users/fabtech/Documents/projects/acmbv/vendor/laravel/framework/src/Illuminate/Routing/Router.php(628): Illuminate\\Routing\\Router->runRoute(Object(Illuminate\\Http\\Request), Object(Illuminate\\Routing\\Route))
#36 /Users/fabtech/Documents/projects/acmbv/vendor/laravel/framework/src/Illuminate/Routing/Router.php(617): Illuminate\\Routing\\Router->dispatchToRoute(Object(Illuminate\\Http\\Request))
#37 /Users/fabtech/Documents/projects/acmbv/vendor/laravel/framework/src/Illuminate/Foundation/Http/Kernel.php(165): Illuminate\\Routing\\Router->dispatch(Object(Illuminate\\Http\\Request))
#38 /Users/fabtech/Documents/projects/acmbv/vendor/laravel/framework/src/Illuminate/Pipeline/Pipeline.php(128): Illuminate\\Foundation\\Http\\Kernel->Illuminate\\Foundation\\Http\\{closure}(Object(Illuminate\\Http\\Request))
#39 /Users/fabtech/Documents/projects/acmbv/vendor/fruitcake/laravel-cors/src/HandleCors.php(37): Illuminate\\Pipeline\\Pipeline->Illuminate\\Pipeline\\{closure}(Object(Illuminate\\Http\\Request))
#40 /Users/fabtech/Documents/projects/acmbv/vendor/laravel/framework/src/Illuminate/Pipeline/Pipeline.php(167): Fruitcake\\Cors\\HandleCors->handle(Object(Illuminate\\Http\\Request), Object(Closure))
#41 /Users/fabtech/Documents/projects/acmbv/vendor/laravel/framework/src/Illuminate/Foundation/Http/Middleware/TransformsRequest.php(21): Illuminate\\Pipeline\\Pipeline->Illuminate\\Pipeline\\{closure}(Object(Illuminate\\Http\\Request))
#42 /Users/fabtech/Documents/projects/acmbv/vendor/laravel/framework/src/Illuminate/Pipeline/Pipeline.php(167): Illuminate\\Foundation\\Http\\Middleware\\TransformsRequest->handle(Object(Illuminate\\Http\\Request), Object(Closure))
#43 /Users/fabtech/Documents/projects/acmbv/vendor/laravel/framework/src/Illuminate/Foundation/Http/Middleware/TransformsRequest.php(21): Illuminate\\Pipeline\\Pipeline->Illuminate\\Pipeline\\{closure}(Object(Illuminate\\Http\\Request))
#44 /Users/fabtech/Documents/projects/acmbv/vendor/laravel/framework/src/Illuminate/Pipeline/Pipeline.php(167): Illuminate\\Foundation\\Http\\Middleware\\TransformsRequest->handle(Object(Illuminate\\Http\\Request), Object(Closure))
#45 /Users/fabtech/Documents/projects/acmbv/vendor/laravel/framework/src/Illuminate/Foundation/Http/Middleware/ValidatePostSize.php(27): Illuminate\\Pipeline\\Pipeline->Illuminate\\Pipeline\\{closure}(Object(Illuminate\\Http\\Request))
#46 /Users/fabtech/Documents/projects/acmbv/vendor/laravel/framework/src/Illuminate/Pipeline/Pipeline.php(167): Illuminate\\Foundation\\Http\\Middleware\\ValidatePostSize->handle(Object(Illuminate\\Http\\Request), Object(Closure))
#47 /Users/fabtech/Documents/projects/acmbv/vendor/laravel/framework/src/Illuminate/Foundation/Http/Middleware/CheckForMaintenanceMode.php(63): Illuminate\\Pipeline\\Pipeline->Illuminate\\Pipeline\\{closure}(Object(Illuminate\\Http\\Request))
#48 /Users/fabtech/Documents/projects/acmbv/vendor/laravel/framework/src/Illuminate/Pipeline/Pipeline.php(167): Illuminate\\Foundation\\Http\\Middleware\\CheckForMaintenanceMode->handle(Object(Illuminate\\Http\\Request), Object(Closure))
#49 /Users/fabtech/Documents/projects/acmbv/vendor/fideloper/proxy/src/TrustProxies.php(57): Illuminate\\Pipeline\\Pipeline->Illuminate\\Pipeline\\{closure}(Object(Illuminate\\Http\\Request))
#50 /Users/fabtech/Documents/projects/acmbv/vendor/laravel/framework/src/Illuminate/Pipeline/Pipeline.php(167): Fideloper\\Proxy\\TrustProxies->handle(Object(Illuminate\\Http\\Request), Object(Closure))
#51 /Users/fabtech/Documents/projects/acmbv/vendor/laravel/framework/src/Illuminate/Pipeline/Pipeline.php(103): Illuminate\\Pipeline\\Pipeline->Illuminate\\Pipeline\\{closure}(Object(Illuminate\\Http\\Request))
#52 /Users/fabtech/Documents/projects/acmbv/vendor/laravel/framework/src/Illuminate/Foundation/Http/Kernel.php(140): Illuminate\\Pipeline\\Pipeline->then(Object(Closure))
#53 /Users/fabtech/Documents/projects/acmbv/vendor/laravel/framework/src/Illuminate/Foundation/Http/Kernel.php(109): Illuminate\\Foundation\\Http\\Kernel->sendRequestThroughRouter(Object(Illuminate\\Http\\Request))
#54 /Users/fabtech/Documents/projects/acmbv/public/index.php(55): Illuminate\\Foundation\\Http\\Kernel->handle(Object(Illuminate\\Http\\Request))
#55 /Users/fabtech/Documents/projects/acmbv/server.php(21): require_once('/Users/fabtech/...')
#56 {main}

[previous exception] [object] (ErrorException(code: 0): Undefined variable: sobreNos (View: /Users/fabtech/Documents/projects/acmbv/resources/views/site/home/_sobre.blade.php) at /Users/fabtech/Documents/projects/acmbv/storage/framework/views/852214117ce177108a675dd3b46ac8a25d50f756.php:10)
[stacktrace]
#0 /Users/fabtech/Documents/projects/acmbv/vendor/livewire/livewire/src/CompilerEngine.php(38): Illuminate\\View\\Engines\\CompilerEngine->handleViewException(Object(ErrorException), 3)
#1 /Users/fabtech/Documents/projects/acmbv/vendor/laravel/framework/src/Illuminate/View/Engines/PhpEngine.php(43): Livewire\\CompilerEngine->handleViewException(Object(ErrorException), 3)
#2 /Users/fabtech/Documents/projects/acmbv/vendor/livewire/livewire/src/LivewireViewCompilerEngine.php(32): Illuminate\\View\\Engines\\PhpEngine->evaluatePath('/Users/fabtech/...', Array)
#3 /Users/fabtech/Documents/projects/acmbv/vendor/laravel/framework/src/Illuminate/View/Engines/CompilerEngine.php(57): Livewire\\LivewireViewCompilerEngine->evaluatePath('/Users/fabtech/...', Array)
#4 /Users/fabtech/Documents/projects/acmbv/vendor/laravel/framework/src/Illuminate/View/View.php(139): Illuminate\\View\\Engines\\CompilerEngine->get('/Users/fabtech/...', Array)
#5 /Users/fabtech/Documents/projects/acmbv/vendor/laravel/framework/src/Illuminate/View/View.php(122): Illuminate\\View\\View->getContents()
#6 /Users/fabtech/Documents/projects/acmbv/vendor/laravel/framework/src/Illuminate/View/View.php(91): Illuminate\\View\\View->renderContents()
#7 /Users/fabtech/Documents/projects/acmbv/storage/framework/views/798250a606a89e5a4509f6a1a43cdad88f1292ce.php(15): Illuminate\\View\\View->render()
#8 /Users/fabtech/Documents/projects/acmbv/vendor/laravel/framework/src/Illuminate/View/Engines/PhpEngine.php(41): include('/Users/fabtech/...')
#9 /Users/fabtech/Documents/projects/acmbv/vendor/livewire/livewire/src/LivewireViewCompilerEngine.php(32): Illuminate\\View\\Engines\\PhpEngine->evaluatePath('/Users/fabtech/...', Array)
#10 /Users/fabtech/Documents/projects/acmbv/vendor/laravel/framework/src/Illuminate/View/Engines/CompilerEngine.php(57): Livewire\\LivewireViewCompilerEngine->evaluatePath('/Users/fabtech/...', Array)
#11 /Users/fabtech/Documents/projects/acmbv/vendor/laravel/framework/src/Illuminate/View/View.php(139): Illuminate\\View\\Engines\\CompilerEngine->get('/Users/fabtech/...', Array)
#12 /Users/fabtech/Documents/projects/acmbv/vendor/laravel/framework/src/Illuminate/View/View.php(122): Illuminate\\View\\View->getContents()
#13 /Users/fabtech/Documents/projects/acmbv/vendor/laravel/framework/src/Illuminate/View/View.php(91): Illuminate\\View\\View->renderContents()
#14 /Users/fabtech/Documents/projects/acmbv/vendor/laravel/framework/src/Illuminate/Http/Response.php(62): Illuminate\\View\\View->render()
#15 /Users/fabtech/Documents/projects/acmbv/vendor/laravel/framework/src/Illuminate/Http/Response.php(34): Illuminate\\Http\\Response->setContent(Object(Illuminate\\View\\View))
#16 /Users/fabtech/Documents/projects/acmbv/vendor/laravel/framework/src/Illuminate/Routing/Router.php(759): Illuminate\\Http\\Response->__construct(Object(Illuminate\\View\\View), 200, Array)
#17 /Users/fabtech/Documents/projects/acmbv/vendor/laravel/framework/src/Illuminate/Routing/Router.php(731): Illuminate\\Routing\\Router::toResponse(Object(Illuminate\\Http\\Request), Object(Illuminate\\View\\View))
#18 /Users/fabtech/Documents/projects/acmbv/vendor/laravel/framework/src/Illuminate/Routing/Router.php(685): Illuminate\\Routing\\Router->prepareResponse(Object(Illuminate\\Http\\Request), Object(Illuminate\\View\\View))
#19 /Users/fabtech/Documents/projects/acmbv/vendor/laravel/framework/src/Illuminate/Pipeline/Pipeline.php(128): Illuminate\\Routing\\Router->Illuminate\\Routing\\{closure}(Object(Illuminate\\Http\\Request))
#20 /Users/fabtech/Documents/projects/acmbv/app/Http/Controllers/Site/Controller.php(45): Illuminate\\Pipeline\\Pipeline->Illuminate\\Pipeline\\{closure}(Object(Illuminate\\Http\\Request))
#21 /Users/fabtech/Documents/projects/acmbv/vendor/laravel/framework/src/Illuminate/Pipeline/Pipeline.php(149): App\\Http\\Controllers\\Site\\Controller->App\\Http\\Controllers\\Site\\{closure}(Object(Illuminate\\Http\\Request), Object(Closure))
#22 /Users/fabtech/Documents/projects/acmbv/app/Http/Middleware/LgpdAceiteMiddleware.php(32): Illuminate\\Pipeline\\Pipeline->Illuminate\\Pipeline\\{closure}(Object(Illuminate\\Http\\Request))
#23 /Users/fabtech/Documents/projects/acmbv/vendor/laravel/framework/src/Illuminate/Pipeline/Pipeline.php(167): App\\Http\\Middleware\\LgpdAceiteMiddleware->handle(Object(Illuminate\\Http\\Request), Object(Closure))
#24 /Users/fabtech/Documents/projects/acmbv/vendor/laravel/framework/src/Illuminate/Routing/Middleware/SubstituteBindings.php(41): Illuminate\\Pipeline\\Pipeline->Illuminate\\Pipeline\\{closure}(Object(Illuminate\\Http\\Request))
#25 /Users/fabtech/Documents/projects/acmbv/vendor/laravel/framework/src/Illuminate/Pipeline/Pipeline.php(167): Illuminate\\Routing\\Middleware\\SubstituteBindings->handle(Object(Illuminate\\Http\\Request), Object(Closure))
#26 /Users/fabtech/Documents/projects/acmbv/vendor/laravel/framework/src/Illuminate/Foundation/Http/Middleware/VerifyCsrfToken.php(77): Illuminate\\Pipeline\\Pipeline->Illuminate\\Pipeline\\{closure}(Object(Illuminate\\Http\\Request))
#27 /Users/fabtech/Documents/projects/acmbv/vendor/laravel/framework/src/Illuminate/Pipeline/Pipeline.php(167): Illuminate\\Foundation\\Http\\Middleware\\VerifyCsrfToken->handle(Object(Illuminate\\Http\\Request), Object(Closure))
#28 /Users/fabtech/Documents/projects/acmbv/vendor/laravel/framework/src/Illuminate/Session/Middleware/AuthenticateSession.php(39): Illuminate\\Pipeline\\Pipeline->Illuminate\\Pipeline\\{closure}(Object(Illuminate\\Http\\Request))
#29 /Users/fabtech/Documents/projects/acmbv/vendor/laravel/framework/src/Illuminate/Pipeline/Pipeline.php(167): Illuminate\\Session\\Middleware\\AuthenticateSession->handle(Object(Illuminate\\Http\\Request), Object(Closure))
#30 /Users/fabtech/Documents/projects/acmbv/vendor/laravel/framework/src/Illuminate/View/Middleware/ShareErrorsFromSession.php(49): Illuminate\\Pipeline\\Pipeline->Illuminate\\Pipeline\\{closure}(Object(Illuminate\\Http\\Request))
#31 /Users/fabtech/Documents/projects/acmbv/vendor/laravel/framework/src/Illuminate/Pipeline/Pipeline.php(167): Illuminate\\View\\Middleware\\ShareErrorsFromSession->handle(Object(Illuminate\\Http\\Request), Object(Closure))
#32 /Users/fabtech/Documents/projects/acmbv/vendor/laravel/framework/src/Illuminate/Session/Middleware/StartSession.php(116): Illuminate\\Pipeline\\Pipeline->Illuminate\\Pipeline\\{closure}(Object(Illuminate\\Http\\Request))
#33 /Users/fabtech/Documents/projects/acmbv/vendor/laravel/framework/src/Illuminate/Session/Middleware/StartSession.php(62): Illuminate\\Session\\Middleware\\StartSession->handleStatefulRequest(Object(Illuminate\\Http\\Request), Object(Illuminate\\Session\\Store), Object(Closure))
#34 /Users/fabtech/Documents/projects/acmbv/vendor/laravel/framework/src/Illuminate/Pipeline/Pipeline.php(167): Illuminate\\Session\\Middleware\\StartSession->handle(Object(Illuminate\\Http\\Request), Object(Closure))
#35 /Users/fabtech/Documents/projects/acmbv/vendor/laravel/framework/src/Illuminate/Cookie/Middleware/AddQueuedCookiesToResponse.php(37): Illuminate\\Pipeline\\Pipeline->Illuminate\\Pipeline\\{closure}(Object(Illuminate\\Http\\Request))
#36 /Users/fabtech/Documents/projects/acmbv/vendor/laravel/framework/src/Illuminate/Pipeline/Pipeline.php(167): Illuminate\\Cookie\\Middleware\\AddQueuedCookiesToResponse->handle(Object(Illuminate\\Http\\Request), Object(Closure))
#37 /Users/fabtech/Documents/projects/acmbv/vendor/laravel/framework/src/Illuminate/Cookie/Middleware/EncryptCookies.php(67): Illuminate\\Pipeline\\Pipeline->Illuminate\\Pipeline\\{closure}(Object(Illuminate\\Http\\Request))
#38 /Users/fabtech/Documents/projects/acmbv/vendor/laravel/framework/src/Illuminate/Pipeline/Pipeline.php(167): Illuminate\\Cookie\\Middleware\\EncryptCookies->handle(Object(Illuminate\\Http\\Request), Object(Closure))
#39 /Users/fabtech/Documents/projects/acmbv/vendor/laravel/framework/src/Illuminate/Pipeline/Pipeline.php(103): Illuminate\\Pipeline\\Pipeline->Illuminate\\Pipeline\\{closure}(Object(Illuminate\\Http\\Request))
#40 /Users/fabtech/Documents/projects/acmbv/vendor/laravel/framework/src/Illuminate/Routing/Router.php(687): Illuminate\\Pipeline\\Pipeline->then(Object(Closure))
#41 /Users/fabtech/Documents/projects/acmbv/vendor/laravel/framework/src/Illuminate/Routing/Router.php(662): Illuminate\\Routing\\Router->runRouteWithinStack(Object(Illuminate\\Routing\\Route), Object(Illuminate\\Http\\Request))
#42 /Users/fabtech/Documents/projects/acmbv/vendor/laravel/framework/src/Illuminate/Routing/Router.php(628): Illuminate\\Routing\\Router->runRoute(Object(Illuminate\\Http\\Request), Object(Illuminate\\Routing\\Route))
#43 /Users/fabtech/Documents/projects/acmbv/vendor/laravel/framework/src/Illuminate/Routing/Router.php(617): Illuminate\\Routing\\Router->dispatchToRoute(Object(Illuminate\\Http\\Request))
#44 /Users/fabtech/Documents/projects/acmbv/vendor/laravel/framework/src/Illuminate/Foundation/Http/Kernel.php(165): Illuminate\\Routing\\Router->dispatch(Object(Illuminate\\Http\\Request))
#45 /Users/fabtech/Documents/projects/acmbv/vendor/laravel/framework/src/Illuminate/Pipeline/Pipeline.php(128): Illuminate\\Foundation\\Http\\Kernel->Illuminate\\Foundation\\Http\\{closure}(Object(Illuminate\\Http\\Request))
#46 /Users/fabtech/Documents/projects/acmbv/vendor/fruitcake/laravel-cors/src/HandleCors.php(37): Illuminate\\Pipeline\\Pipeline->Illuminate\\Pipeline\\{closure}(Object(Illuminate\\Http\\Request))
#47 /Users/fabtech/Documents/projects/acmbv/vendor/laravel/framework/src/Illuminate/Pipeline/Pipeline.php(167): Fruitcake\\Cors\\HandleCors->handle(Object(Illuminate\\Http\\Request), Object(Closure))
#48 /Users/fabtech/Documents/projects/acmbv/vendor/laravel/framework/src/Illuminate/Foundation/Http/Middleware/TransformsRequest.php(21): Illuminate\\Pipeline\\Pipeline->Illuminate\\Pipeline\\{closure}(Object(Illuminate\\Http\\Request))
#49 /Users/fabtech/Documents/projects/acmbv/vendor/laravel/framework/src/Illuminate/Pipeline/Pipeline.php(167): Illuminate\\Foundation\\Http\\Middleware\\TransformsRequest->handle(Object(Illuminate\\Http\\Request), Object(Closure))
#50 /Users/fabtech/Documents/projects/acmbv/vendor/laravel/framework/src/Illuminate/Foundation/Http/Middleware/TransformsRequest.php(21): Illuminate\\Pipeline\\Pipeline->Illuminate\\Pipeline\\{closure}(Object(Illuminate\\Http\\Request))
#51 /Users/fabtech/Documents/projects/acmbv/vendor/laravel/framework/src/Illuminate/Pipeline/Pipeline.php(167): Illuminate\\Foundation\\Http\\Middleware\\TransformsRequest->handle(Object(Illuminate\\Http\\Request), Object(Closure))
#52 /Users/fabtech/Documents/projects/acmbv/vendor/laravel/framework/src/Illuminate/Foundation/Http/Middleware/ValidatePostSize.php(27): Illuminate\\Pipeline\\Pipeline->Illuminate\\Pipeline\\{closure}(Object(Illuminate\\Http\\Request))
#53 /Users/fabtech/Documents/projects/acmbv/vendor/laravel/framework/src/Illuminate/Pipeline/Pipeline.php(167): Illuminate\\Foundation\\Http\\Middleware\\ValidatePostSize->handle(Object(Illuminate\\Http\\Request), Object(Closure))
#54 /Users/fabtech/Documents/projects/acmbv/vendor/laravel/framework/src/Illuminate/Foundation/Http/Middleware/CheckForMaintenanceMode.php(63): Illuminate\\Pipeline\\Pipeline->Illuminate\\Pipeline\\{closure}(Object(Illuminate\\Http\\Request))
#55 /Users/fabtech/Documents/projects/acmbv/vendor/laravel/framework/src/Illuminate/Pipeline/Pipeline.php(167): Illuminate\\Foundation\\Http\\Middleware\\CheckForMaintenanceMode->handle(Object(Illuminate\\Http\\Request), Object(Closure))
#56 /Users/fabtech/Documents/projects/acmbv/vendor/fideloper/proxy/src/TrustProxies.php(57): Illuminate\\Pipeline\\Pipeline->Illuminate\\Pipeline\\{closure}(Object(Illuminate\\Http\\Request))
#57 /Users/fabtech/Documents/projects/acmbv/vendor/laravel/framework/src/Illuminate/Pipeline/Pipeline.php(167): Fideloper\\Proxy\\TrustProxies->handle(Object(Illuminate\\Http\\Request), Object(Closure))
#58 /Users/fabtech/Documents/projects/acmbv/vendor/laravel/framework/src/Illuminate/Pipeline/Pipeline.php(103): Illuminate\\Pipeline\\Pipeline->Illuminate\\Pipeline\\{closure}(Object(Illuminate\\Http\\Request))
#59 /Users/fabtech/Documents/projects/acmbv/vendor/laravel/framework/src/Illuminate/Foundation/Http/Kernel.php(140): Illuminate\\Pipeline\\Pipeline->then(Object(Closure))
#60 /Users/fabtech/Documents/projects/acmbv/vendor/laravel/framework/src/Illuminate/Foundation/Http/Kernel.php(109): Illuminate\\Foundation\\Http\\Kernel->sendRequestThroughRouter(Object(Illuminate\\Http\\Request))
#61 /Users/fabtech/Documents/projects/acmbv/public/index.php(55): Illuminate\\Foundation\\Http\\Kernel->handle(Object(Illuminate\\Http\\Request))
#62 /Users/fabtech/Documents/projects/acmbv/server.php(21): require_once('/Users/fabtech/...')
#63 {main}

[previous exception] [object] (ErrorException(code: 0): Undefined variable: sobreNos at /Users/fabtech/Documents/projects/acmbv/storage/framework/views/852214117ce177108a675dd3b46ac8a25d50f756.php:10)
[stacktrace]
#0 /Users/fabtech/Documents/projects/acmbv/storage/framework/views/852214117ce177108a675dd3b46ac8a25d50f756.php(10): Illuminate\\Foundation\\Bootstrap\\HandleExceptions->handleError(8, 'Undefined varia...', '/Users/fabtech/...', 10, Array)
#1 /Users/fabtech/Documents/projects/acmbv/vendor/laravel/framework/src/Illuminate/View/Engines/PhpEngine.php(41): include('/Users/fabtech/...')
#2 /Users/fabtech/Documents/projects/acmbv/vendor/livewire/livewire/src/LivewireViewCompilerEngine.php(32): Illuminate\\View\\Engines\\PhpEngine->evaluatePath('/Users/fabtech/...', Array)
#3 /Users/fabtech/Documents/projects/acmbv/vendor/laravel/framework/src/Illuminate/View/Engines/CompilerEngine.php(57): Livewire\\LivewireViewCompilerEngine->evaluatePath('/Users/fabtech/...', Array)
#4 /Users/fabtech/Documents/projects/acmbv/vendor/laravel/framework/src/Illuminate/View/View.php(139): Illuminate\\View\\Engines\\CompilerEngine->get('/Users/fabtech/...', Array)
#5 /Users/fabtech/Documents/projects/acmbv/vendor/laravel/framework/src/Illuminate/View/View.php(122): Illuminate\\View\\View->getContents()
#6 /Users/fabtech/Documents/projects/acmbv/vendor/laravel/framework/src/Illuminate/View/View.php(91): Illuminate\\View\\View->renderContents()
#7 /Users/fabtech/Documents/projects/acmbv/storage/framework/views/798250a606a89e5a4509f6a1a43cdad88f1292ce.php(15): Illuminate\\View\\View->render()
#8 /Users/fabtech/Documents/projects/acmbv/vendor/laravel/framework/src/Illuminate/View/Engines/PhpEngine.php(41): include('/Users/fabtech/...')
#9 /Users/fabtech/Documents/projects/acmbv/vendor/livewire/livewire/src/LivewireViewCompilerEngine.php(32): Illuminate\\View\\Engines\\PhpEngine->evaluatePath('/Users/fabtech/...', Array)
#10 /Users/fabtech/Documents/projects/acmbv/vendor/laravel/framework/src/Illuminate/View/Engines/CompilerEngine.php(57): Livewire\\LivewireViewCompilerEngine->evaluatePath('/Users/fabtech/...', Array)
#11 /Users/fabtech/Documents/projects/acmbv/vendor/laravel/framework/src/Illuminate/View/View.php(139): Illuminate\\View\\Engines\\CompilerEngine->get('/Users/fabtech/...', Array)
#12 /Users/fabtech/Documents/projects/acmbv/vendor/laravel/framework/src/Illuminate/View/View.php(122): Illuminate\\View\\View->getContents()
#13 /Users/fabtech/Documents/projects/acmbv/vendor/laravel/framework/src/Illuminate/View/View.php(91): Illuminate\\View\\View->renderContents()
#14 /Users/fabtech/Documents/projects/acmbv/vendor/laravel/framework/src/Illuminate/Http/Response.php(62): Illuminate\\View\\View->render()
#15 /Users/fabtech/Documents/projects/acmbv/vendor/laravel/framework/src/Illuminate/Http/Response.php(34): Illuminate\\Http\\Response->setContent(Object(Illuminate\\View\\View))
#16 /Users/fabtech/Documents/projects/acmbv/vendor/laravel/framework/src/Illuminate/Routing/Router.php(759): Illuminate\\Http\\Response->__construct(Object(Illuminate\\View\\View), 200, Array)
#17 /Users/fabtech/Documents/projects/acmbv/vendor/laravel/framework/src/Illuminate/Routing/Router.php(731): Illuminate\\Routing\\Router::toResponse(Object(Illuminate\\Http\\Request), Object(Illuminate\\View\\View))
#18 /Users/fabtech/Documents/projects/acmbv/vendor/laravel/framework/src/Illuminate/Routing/Router.php(685): Illuminate\\Routing\\Router->prepareResponse(Object(Illuminate\\Http\\Request), Object(Illuminate\\View\\View))
#19 /Users/fabtech/Documents/projects/acmbv/vendor/laravel/framework/src/Illuminate/Pipeline/Pipeline.php(128): Illuminate\\Routing\\Router->Illuminate\\Routing\\{closure}(Object(Illuminate\\Http\\Request))
#20 /Users/fabtech/Documents/projects/acmbv/app/Http/Controllers/Site/Controller.php(45): Illuminate\\Pipeline\\Pipeline->Illuminate\\Pipeline\\{closure}(Object(Illuminate\\Http\\Request))
#21 /Users/fabtech/Documents/projects/acmbv/vendor/laravel/framework/src/Illuminate/Pipeline/Pipeline.php(149): App\\Http\\Controllers\\Site\\Controller->App\\Http\\Controllers\\Site\\{closure}(Object(Illuminate\\Http\\Request), Object(Closure))
#22 /Users/fabtech/Documents/projects/acmbv/app/Http/Middleware/LgpdAceiteMiddleware.php(32): Illuminate\\Pipeline\\Pipeline->Illuminate\\Pipeline\\{closure}(Object(Illuminate\\Http\\Request))
#23 /Users/fabtech/Documents/projects/acmbv/vendor/laravel/framework/src/Illuminate/Pipeline/Pipeline.php(167): App\\Http\\Middleware\\LgpdAceiteMiddleware->handle(Object(Illuminate\\Http\\Request), Object(Closure))
#24 /Users/fabtech/Documents/projects/acmbv/vendor/laravel/framework/src/Illuminate/Routing/Middleware/SubstituteBindings.php(41): Illuminate\\Pipeline\\Pipeline->Illuminate\\Pipeline\\{closure}(Object(Illuminate\\Http\\Request))
#25 /Users/fabtech/Documents/projects/acmbv/vendor/laravel/framework/src/Illuminate/Pipeline/Pipeline.php(167): Illuminate\\Routing\\Middleware\\SubstituteBindings->handle(Object(Illuminate\\Http\\Request), Object(Closure))
#26 /Users/fabtech/Documents/projects/acmbv/vendor/laravel/framework/src/Illuminate/Foundation/Http/Middleware/VerifyCsrfToken.php(77): Illuminate\\Pipeline\\Pipeline->Illuminate\\Pipeline\\{closure}(Object(Illuminate\\Http\\Request))
#27 /Users/fabtech/Documents/projects/acmbv/vendor/laravel/framework/src/Illuminate/Pipeline/Pipeline.php(167): Illuminate\\Foundation\\Http\\Middleware\\VerifyCsrfToken->handle(Object(Illuminate\\Http\\Request), Object(Closure))
#28 /Users/fabtech/Documents/projects/acmbv/vendor/laravel/framework/src/Illuminate/Session/Middleware/AuthenticateSession.php(39): Illuminate\\Pipeline\\Pipeline->Illuminate\\Pipeline\\{closure}(Object(Illuminate\\Http\\Request))
#29 /Users/fabtech/Documents/projects/acmbv/vendor/laravel/framework/src/Illuminate/Pipeline/Pipeline.php(167): Illuminate\\Session\\Middleware\\AuthenticateSession->handle(Object(Illuminate\\Http\\Request), Object(Closure))
#30 /Users/fabtech/Documents/projects/acmbv/vendor/laravel/framework/src/Illuminate/View/Middleware/ShareErrorsFromSession.php(49): Illuminate\\Pipeline\\Pipeline->Illuminate\\Pipeline\\{closure}(Object(Illuminate\\Http\\Request))
#31 /Users/fabtech/Documents/projects/acmbv/vendor/laravel/framework/src/Illuminate/Pipeline/Pipeline.php(167): Illuminate\\View\\Middleware\\ShareErrorsFromSession->handle(Object(Illuminate\\Http\\Request), Object(Closure))
#32 /Users/fabtech/Documents/projects/acmbv/vendor/laravel/framework/src/Illuminate/Session/Middleware/StartSession.php(116): Illuminate\\Pipeline\\Pipeline->Illuminate\\Pipeline\\{closure}(Object(Illuminate\\Http\\Request))
#33 /Users/fabtech/Documents/projects/acmbv/vendor/laravel/framework/src/Illuminate/Session/Middleware/StartSession.php(62): Illuminate\\Session\\Middleware\\StartSession->handleStatefulRequest(Object(Illuminate\\Http\\Request), Object(Illuminate\\Session\\Store), Object(Closure))
#34 /Users/fabtech/Documents/projects/acmbv/vendor/laravel/framework/src/Illuminate/Pipeline/Pipeline.php(167): Illuminate\\Session\\Middleware\\StartSession->handle(Object(Illuminate\\Http\\Request), Object(Closure))
#35 /Users/fabtech/Documents/projects/acmbv/vendor/laravel/framework/src/Illuminate/Cookie/Middleware/AddQueuedCookiesToResponse.php(37): Illuminate\\Pipeline\\Pipeline->Illuminate\\Pipeline\\{closure}(Object(Illuminate\\Http\\Request))
#36 /Users/fabtech/Documents/projects/acmbv/vendor/laravel/framework/src/Illuminate/Pipeline/Pipeline.php(167): Illuminate\\Cookie\\Middleware\\AddQueuedCookiesToResponse->handle(Object(Illuminate\\Http\\Request), Object(Closure))
#37 /Users/fabtech/Documents/projects/acmbv/vendor/laravel/framework/src/Illuminate/Cookie/Middleware/EncryptCookies.php(67): Illuminate\\Pipeline\\Pipeline->Illuminate\\Pipeline\\{closure}(Object(Illuminate\\Http\\Request))
#38 /Users/fabtech/Documents/projects/acmbv/vendor/laravel/framework/src/Illuminate/Pipeline/Pipeline.php(167): Illuminate\\Cookie\\Middleware\\EncryptCookies->handle(Object(Illuminate\\Http\\Request), Object(Closure))
#39 /Users/fabtech/Documents/projects/acmbv/vendor/laravel/framework/src/Illuminate/Pipeline/Pipeline.php(103): Illuminate\\Pipeline\\Pipeline->Illuminate\\Pipeline\\{closure}(Object(Illuminate\\Http\\Request))
#40 /Users/fabtech/Documents/projects/acmbv/vendor/laravel/framework/src/Illuminate/Routing/Router.php(687): Illuminate\\Pipeline\\Pipeline->then(Object(Closure))
#41 /Users/fabtech/Documents/projects/acmbv/vendor/laravel/framework/src/Illuminate/Routing/Router.php(662): Illuminate\\Routing\\Router->runRouteWithinStack(Object(Illuminate\\Routing\\Route), Object(Illuminate\\Http\\Request))
#42 /Users/fabtech/Documents/projects/acmbv/vendor/laravel/framework/src/Illuminate/Routing/Router.php(628): Illuminate\\Routing\\Router->runRoute(Object(Illuminate\\Http\\Request), Object(Illuminate\\Routing\\Route))
#43 /Users/fabtech/Documents/projects/acmbv/vendor/laravel/framework/src/Illuminate/Routing/Router.php(617): Illuminate\\Routing\\Router->dispatchToRoute(Object(Illuminate\\Http\\Request))
#44 /Users/fabtech/Documents/projects/acmbv/vendor/laravel/framework/src/Illuminate/Foundation/Http/Kernel.php(165): Illuminate\\Routing\\Router->dispatch(Object(Illuminate\\Http\\Request))
#45 /Users/fabtech/Documents/projects/acmbv/vendor/laravel/framework/src/Illuminate/Pipeline/Pipeline.php(128): Illuminate\\Foundation\\Http\\Kernel->Illuminate\\Foundation\\Http\\{closure}(Object(Illuminate\\Http\\Request))
#46 /Users/fabtech/Documents/projects/acmbv/vendor/fruitcake/laravel-cors/src/HandleCors.php(37): Illuminate\\Pipeline\\Pipeline->Illuminate\\Pipeline\\{closure}(Object(Illuminate\\Http\\Request))
#47 /Users/fabtech/Documents/projects/acmbv/vendor/laravel/framework/src/Illuminate/Pipeline/Pipeline.php(167): Fruitcake\\Cors\\HandleCors->handle(Object(Illuminate\\Http\\Request), Object(Closure))
#48 /Users/fabtech/Documents/projects/acmbv/vendor/laravel/framework/src/Illuminate/Foundation/Http/Middleware/TransformsRequest.php(21): Illuminate\\Pipeline\\Pipeline->Illuminate\\Pipeline\\{closure}(Object(Illuminate\\Http\\Request))
#49 /Users/fabtech/Documents/projects/acmbv/vendor/laravel/framework/src/Illuminate/Pipeline/Pipeline.php(167): Illuminate\\Foundation\\Http\\Middleware\\TransformsRequest->handle(Object(Illuminate\\Http\\Request), Object(Closure))
#50 /Users/fabtech/Documents/projects/acmbv/vendor/laravel/framework/src/Illuminate/Foundation/Http/Middleware/TransformsRequest.php(21): Illuminate\\Pipeline\\Pipeline->Illuminate\\Pipeline\\{closure}(Object(Illuminate\\Http\\Request))
#51 /Users/fabtech/Documents/projects/acmbv/vendor/laravel/framework/src/Illuminate/Pipeline/Pipeline.php(167): Illuminate\\Foundation\\Http\\Middleware\\TransformsRequest->handle(Object(Illuminate\\Http\\Request), Object(Closure))
#52 /Users/fabtech/Documents/projects/acmbv/vendor/laravel/framework/src/Illuminate/Foundation/Http/Middleware/ValidatePostSize.php(27): Illuminate\\Pipeline\\Pipeline->Illuminate\\Pipeline\\{closure}(Object(Illuminate\\Http\\Request))
#53 /Users/fabtech/Documents/projects/acmbv/vendor/laravel/framework/src/Illuminate/Pipeline/Pipeline.php(167): Illuminate\\Foundation\\Http\\Middleware\\ValidatePostSize->handle(Object(Illuminate\\Http\\Request), Object(Closure))
#54 /Users/fabtech/Documents/projects/acmbv/vendor/laravel/framework/src/Illuminate/Foundation/Http/Middleware/CheckForMaintenanceMode.php(63): Illuminate\\Pipeline\\Pipeline->Illuminate\\Pipeline\\{closure}(Object(Illuminate\\Http\\Request))
#55 /Users/fabtech/Documents/projects/acmbv/vendor/laravel/framework/src/Illuminate/Pipeline/Pipeline.php(167): Illuminate\\Foundation\\Http\\Middleware\\CheckForMaintenanceMode->handle(Object(Illuminate\\Http\\Request), Object(Closure))
#56 /Users/fabtech/Documents/projects/acmbv/vendor/fideloper/proxy/src/TrustProxies.php(57): Illuminate\\Pipeline\\Pipeline->Illuminate\\Pipeline\\{closure}(Object(Illuminate\\Http\\Request))
#57 /Users/fabtech/Documents/projects/acmbv/vendor/laravel/framework/src/Illuminate/Pipeline/Pipeline.php(167): Fideloper\\Proxy\\TrustProxies->handle(Object(Illuminate\\Http\\Request), Object(Closure))
#58 /Users/fabtech/Documents/projects/acmbv/vendor/laravel/framework/src/Illuminate/Pipeline/Pipeline.php(103): Illuminate\\Pipeline\\Pipeline->Illuminate\\Pipeline\\{closure}(Object(Illuminate\\Http\\Request))
#59 /Users/fabtech/Documents/projects/acmbv/vendor/laravel/framework/src/Illuminate/Foundation/Http/Kernel.php(140): Illuminate\\Pipeline\\Pipeline->then(Object(Closure))
#60 /Users/fabtech/Documents/projects/acmbv/vendor/laravel/framework/src/Illuminate/Foundation/Http/Kernel.php(109): Illuminate\\Foundation\\Http\\Kernel->sendRequestThroughRouter(Object(Illuminate\\Http\\Request))
#61 /Users/fabtech/Documents/projects/acmbv/public/index.php(55): Illuminate\\Foundation\\Http\\Kernel->handle(Object(Illuminate\\Http\\Request))
#62 /Users/fabtech/Documents/projects/acmbv/server.php(21): require_once('/Users/fabtech/...')
#63 {main}
"} 
[2026-04-18 23:44:11] local.ERROR: SQLSTATE[HY000] [2002] Operation not permitted (SQL: select * from `configuracoes` limit 1) {"exception":"[object] (Illuminate\\Database\\QueryException(code: 2002): SQLSTATE[HY000] [2002] Operation not permitted (SQL: select * from `configuracoes` limit 1) at /Users/fabtech/Documents/projects/acmbv/vendor/laravel/framework/src/Illuminate/Database/Connection.php:671)
[stacktrace]
#0 /Users/fabtech/Documents/projects/acmbv/vendor/laravel/framework/src/Illuminate/Database/Connection.php(631): Illuminate\\Database\\Connection->runQueryCallback('select * from `...', Array, Object(Closure))
#1 /Users/fabtech/Documents/projects/acmbv/vendor/laravel/framework/src/Illuminate/Database/Connection.php(339): Illuminate\\Database\\Connection->run('select * from `...', Array, Object(Closure))
#2 /Users/fabtech/Documents/projects/acmbv/vendor/laravel/framework/src/Illuminate/Database/Query/Builder.php(2260): Illuminate\\Database\\Connection->select('select * from `...', Array, true)
#3 /Users/fabtech/Documents/projects/acmbv/vendor/laravel/framework/src/Illuminate/Database/Query/Builder.php(2248): Illuminate\\Database\\Query\\Builder->runSelect()
#4 /Users/fabtech/Documents/projects/acmbv/vendor/laravel/framework/src/Illuminate/Database/Query/Builder.php(2743): Illuminate\\Database\\Query\\Builder->Illuminate\\Database\\Query\\{closure}()
#5 /Users/fabtech/Documents/projects/acmbv/vendor/laravel/framework/src/Illuminate/Database/Query/Builder.php(2249): Illuminate\\Database\\Query\\Builder->onceWithColumns(Array, Object(Closure))
#6 /Users/fabtech/Documents/projects/acmbv/vendor/laravel/framework/src/Illuminate/Database/Eloquent/Builder.php(547): Illuminate\\Database\\Query\\Builder->get(Array)
#7 /Users/fabtech/Documents/projects/acmbv/vendor/laravel/framework/src/Illuminate/Database/Eloquent/Builder.php(531): Illuminate\\Database\\Eloquent\\Builder->getModels(Array)
#8 /Users/fabtech/Documents/projects/acmbv/vendor/laravel/framework/src/Illuminate/Database/Concerns/BuildsQueries.php(143): Illuminate\\Database\\Eloquent\\Builder->get(Array)
#9 /Users/fabtech/Documents/projects/acmbv/vendor/laravel/framework/src/Illuminate/Support/Traits/ForwardsCalls.php(23): Illuminate\\Database\\Eloquent\\Builder->first()
#10 /Users/fabtech/Documents/projects/acmbv/vendor/laravel/framework/src/Illuminate/Database/Eloquent/Model.php(1736): Illuminate\\Database\\Eloquent\\Model->forwardCallTo(Object(Illuminate\\Database\\Eloquent\\Builder), 'first', Array)
#11 /Users/fabtech/Documents/projects/acmbv/vendor/laravel/framework/src/Illuminate/Database/Eloquent/Model.php(1748): Illuminate\\Database\\Eloquent\\Model->__call('first', Array)
#12 /Users/fabtech/Documents/projects/acmbv/app/Http/Controllers/Auth/Controller.php(23): Illuminate\\Database\\Eloquent\\Model::__callStatic('first', Array)
#13 /Users/fabtech/Documents/projects/acmbv/app/Http/Controllers/Auth/LoginController.php(43): App\\Http\\Controllers\\Auth\\Controller->__construct()
#14 [internal function]: App\\Http\\Controllers\\Auth\\LoginController->__construct()
#15 /Users/fabtech/Documents/projects/acmbv/vendor/laravel/framework/src/Illuminate/Container/Container.php(849): ReflectionClass->newInstanceArgs(Array)
#16 /Users/fabtech/Documents/projects/acmbv/vendor/laravel/framework/src/Illuminate/Container/Container.php(691): Illuminate\\Container\\Container->build('App\\\\Http\\\\Contro...')
#17 /Users/fabtech/Documents/projects/acmbv/vendor/laravel/framework/src/Illuminate/Foundation/Application.php(796): Illuminate\\Container\\Container->resolve('App\\\\Http\\\\Contro...', Array, true)
#18 /Users/fabtech/Documents/projects/acmbv/vendor/laravel/framework/src/Illuminate/Container/Container.php(637): Illuminate\\Foundation\\Application->resolve('App\\\\Http\\\\Contro...', Array)
#19 /Users/fabtech/Documents/projects/acmbv/vendor/laravel/framework/src/Illuminate/Foundation/Application.php(781): Illuminate\\Container\\Container->make('App\\\\Http\\\\Contro...', Array)
#20 /Users/fabtech/Documents/projects/acmbv/vendor/laravel/framework/src/Illuminate/Routing/Route.php(253): Illuminate\\Foundation\\Application->make('App\\\\Http\\\\Contro...')
#21 /Users/fabtech/Documents/projects/acmbv/vendor/laravel/framework/src/Illuminate/Routing/Route.php(970): Illuminate\\Routing\\Route->getController()
#22 /Users/fabtech/Documents/projects/acmbv/vendor/laravel/framework/src/Illuminate/Routing/Route.php(931): Illuminate\\Routing\\Route->controllerMiddleware()
#23 /Users/fabtech/Documents/projects/acmbv/vendor/laravel/framework/src/Illuminate/Routing/Router.php(702): Illuminate\\Routing\\Route->gatherMiddleware()
#24 /Users/fabtech/Documents/projects/acmbv/vendor/laravel/framework/src/Illuminate/Foundation/Console/RouteListCommand.php(173): Illuminate\\Routing\\Router->gatherRouteMiddleware(Object(Illuminate\\Routing\\Route))
#25 /Users/fabtech/Documents/projects/acmbv/vendor/laravel/framework/src/Illuminate/Foundation/Console/RouteListCommand.php(117): Illuminate\\Foundation\\Console\\RouteListCommand->getMiddleware(Object(Illuminate\\Routing\\Route))
#26 /Users/fabtech/Documents/projects/acmbv/vendor/laravel/framework/src/Illuminate/Foundation/Console/RouteListCommand.php(89): Illuminate\\Foundation\\Console\\RouteListCommand->getRouteInformation(Object(Illuminate\\Routing\\Route))
#27 [internal function]: Illuminate\\Foundation\\Console\\RouteListCommand->Illuminate\\Foundation\\Console\\{closure}(Object(Illuminate\\Routing\\Route), 6)
#28 /Users/fabtech/Documents/projects/acmbv/vendor/laravel/framework/src/Illuminate/Support/Collection.php(638): array_map(Object(Closure), Array, Array)
#29 /Users/fabtech/Documents/projects/acmbv/vendor/laravel/framework/src/Illuminate/Foundation/Console/RouteListCommand.php(90): Illuminate\\Support\\Collection->map(Object(Closure))
#30 /Users/fabtech/Documents/projects/acmbv/vendor/laravel/framework/src/Illuminate/Foundation/Console/RouteListCommand.php(74): Illuminate\\Foundation\\Console\\RouteListCommand->getRoutes()
#31 [internal function]: Illuminate\\Foundation\\Console\\RouteListCommand->handle()
#32 /Users/fabtech/Documents/projects/acmbv/vendor/laravel/framework/src/Illuminate/Container/BoundMethod.php(37): call_user_func_array(Array, Array)
#33 /Users/fabtech/Documents/projects/acmbv/vendor/laravel/framework/src/Illuminate/Container/Util.php(37): Illuminate\\Container\\BoundMethod::Illuminate\\Container\\{closure}()
#34 /Users/fabtech/Documents/projects/acmbv/vendor/laravel/framework/src/Illuminate/Container/BoundMethod.php(95): Illuminate\\Container\\Util::unwrapIfClosure(Object(Closure))
#35 /Users/fabtech/Documents/projects/acmbv/vendor/laravel/framework/src/Illuminate/Container/BoundMethod.php(39): Illuminate\\Container\\BoundMethod::callBoundMethod(Object(Illuminate\\Foundation\\Application), Array, Object(Closure))
#36 /Users/fabtech/Documents/projects/acmbv/vendor/laravel/framework/src/Illuminate/Container/Container.php(596): Illuminate\\Container\\BoundMethod::call(Object(Illuminate\\Foundation\\Application), Array, Array, NULL)
#37 /Users/fabtech/Documents/projects/acmbv/vendor/laravel/framework/src/Illuminate/Console/Command.php(134): Illuminate\\Container\\Container->call(Array)
#38 /Users/fabtech/Documents/projects/acmbv/vendor/symfony/console/Command/Command.php(258): Illuminate\\Console\\Command->execute(Object(Symfony\\Component\\Console\\Input\\ArgvInput), Object(Illuminate\\Console\\OutputStyle))
#39 /Users/fabtech/Documents/projects/acmbv/vendor/laravel/framework/src/Illuminate/Console/Command.php(121): Symfony\\Component\\Console\\Command\\Command->run(Object(Symfony\\Component\\Console\\Input\\ArgvInput), Object(Illuminate\\Console\\OutputStyle))
#40 /Users/fabtech/Documents/projects/acmbv/vendor/symfony/console/Application.php(920): Illuminate\\Console\\Command->run(Object(Symfony\\Component\\Console\\Input\\ArgvInput), Object(Symfony\\Component\\Console\\Output\\ConsoleOutput))
#41 /Users/fabtech/Documents/projects/acmbv/vendor/symfony/console/Application.php(266): Symfony\\Component\\Console\\Application->doRunCommand(Object(Illuminate\\Foundation\\Console\\RouteListCommand), Object(Symfony\\Component\\Console\\Input\\ArgvInput), Object(Symfony\\Component\\Console\\Output\\ConsoleOutput))
#42 /Users/fabtech/Documents/projects/acmbv/vendor/symfony/console/Application.php(142): Symfony\\Component\\Console\\Application->doRun(Object(Symfony\\Component\\Console\\Input\\ArgvInput), Object(Symfony\\Component\\Console\\Output\\ConsoleOutput))
#43 /Users/fabtech/Documents/projects/acmbv/vendor/laravel/framework/src/Illuminate/Console/Application.php(93): Symfony\\Component\\Console\\Application->run(Object(Symfony\\Component\\Console\\Input\\ArgvInput), Object(Symfony\\Component\\Console\\Output\\ConsoleOutput))
#44 /Users/fabtech/Documents/projects/acmbv/vendor/laravel/framework/src/Illuminate/Foundation/Console/Kernel.php(129): Illuminate\\Console\\Application->run(Object(Symfony\\Component\\Console\\Input\\ArgvInput), Object(Symfony\\Component\\Console\\Output\\ConsoleOutput))
#45 /Users/fabtech/Documents/projects/acmbv/artisan(37): Illuminate\\Foundation\\Console\\Kernel->handle(Object(Symfony\\Component\\Console\\Input\\ArgvInput), Object(Symfony\\Component\\Console\\Output\\ConsoleOutput))
#46 {main}

[previous exception] [object] (Doctrine\\DBAL\\Driver\\PDO\\Exception(code: 2002): SQLSTATE[HY000] [2002] Operation not permitted at /Users/fabtech/Documents/projects/acmbv/vendor/doctrine/dbal/lib/Doctrine/DBAL/Driver/PDO/Exception.php:18)
[stacktrace]
#0 /Users/fabtech/Documents/projects/acmbv/vendor/doctrine/dbal/lib/Doctrine/DBAL/Driver/PDOConnection.php(42): Doctrine\\DBAL\\Driver\\PDO\\Exception::new(Object(PDOException))
#1 /Users/fabtech/Documents/projects/acmbv/vendor/laravel/framework/src/Illuminate/Database/Connectors/Connector.php(67): Doctrine\\DBAL\\Driver\\PDOConnection->__construct('mysql:unix_sock...', 'root', 'root', Array)
#2 /Users/fabtech/Documents/projects/acmbv/vendor/laravel/framework/src/Illuminate/Database/Connectors/Connector.php(46): Illuminate\\Database\\Connectors\\Connector->createPdoConnection('mysql:unix_sock...', 'root', 'root', Array)
#3 /Users/fabtech/Documents/projects/acmbv/vendor/laravel/framework/src/Illuminate/Database/Connectors/MySqlConnector.php(24): Illuminate\\Database\\Connectors\\Connector->createConnection('mysql:unix_sock...', Array, Array)
#4 /Users/fabtech/Documents/projects/acmbv/vendor/laravel/framework/src/Illuminate/Database/Connectors/ConnectionFactory.php(184): Illuminate\\Database\\Connectors\\MySqlConnector->connect(Array)
#5 [internal function]: Illuminate\\Database\\Connectors\\ConnectionFactory->Illuminate\\Database\\Connectors\\{closure}()
#6 /Users/fabtech/Documents/projects/acmbv/vendor/laravel/framework/src/Illuminate/Database/Connection.php(926): call_user_func(Object(Closure))
#7 /Users/fabtech/Documents/projects/acmbv/vendor/laravel/framework/src/Illuminate/Database/Connection.php(961): Illuminate\\Database\\Connection->getPdo()
#8 /Users/fabtech/Documents/projects/acmbv/vendor/laravel/framework/src/Illuminate/Database/Connection.php(405): Illuminate\\Database\\Connection->getReadPdo()
#9 /Users/fabtech/Documents/projects/acmbv/vendor/laravel/framework/src/Illuminate/Database/Connection.php(331): Illuminate\\Database\\Connection->getPdoForSelect(true)
#10 /Users/fabtech/Documents/projects/acmbv/vendor/laravel/framework/src/Illuminate/Database/Connection.php(664): Illuminate\\Database\\Connection->Illuminate\\Database\\{closure}('select * from `...', Array)
#11 /Users/fabtech/Documents/projects/acmbv/vendor/laravel/framework/src/Illuminate/Database/Connection.php(631): Illuminate\\Database\\Connection->runQueryCallback('select * from `...', Array, Object(Closure))
#12 /Users/fabtech/Documents/projects/acmbv/vendor/laravel/framework/src/Illuminate/Database/Connection.php(339): Illuminate\\Database\\Connection->run('select * from `...', Array, Object(Closure))
#13 /Users/fabtech/Documents/projects/acmbv/vendor/laravel/framework/src/Illuminate/Database/Query/Builder.php(2260): Illuminate\\Database\\Connection->select('select * from `...', Array, true)
#14 /Users/fabtech/Documents/projects/acmbv/vendor/laravel/framework/src/Illuminate/Database/Query/Builder.php(2248): Illuminate\\Database\\Query\\Builder->runSelect()
#15 /Users/fabtech/Documents/projects/acmbv/vendor/laravel/framework/src/Illuminate/Database/Query/Builder.php(2743): Illuminate\\Database\\Query\\Builder->Illuminate\\Database\\Query\\{closure}()
#16 /Users/fabtech/Documents/projects/acmbv/vendor/laravel/framework/src/Illuminate/Database/Query/Builder.php(2249): Illuminate\\Database\\Query\\Builder->onceWithColumns(Array, Object(Closure))
#17 /Users/fabtech/Documents/projects/acmbv/vendor/laravel/framework/src/Illuminate/Database/Eloquent/Builder.php(547): Illuminate\\Database\\Query\\Builder->get(Array)
#18 /Users/fabtech/Documents/projects/acmbv/vendor/laravel/framework/src/Illuminate/Database/Eloquent/Builder.php(531): Illuminate\\Database\\Eloquent\\Builder->getModels(Array)
#19 /Users/fabtech/Documents/projects/acmbv/vendor/laravel/framework/src/Illuminate/Database/Concerns/BuildsQueries.php(143): Illuminate\\Database\\Eloquent\\Builder->get(Array)
#20 /Users/fabtech/Documents/projects/acmbv/vendor/laravel/framework/src/Illuminate/Support/Traits/ForwardsCalls.php(23): Illuminate\\Database\\Eloquent\\Builder->first()
#21 /Users/fabtech/Documents/projects/acmbv/vendor/laravel/framework/src/Illuminate/Database/Eloquent/Model.php(1736): Illuminate\\Database\\Eloquent\\Model->forwardCallTo(Object(Illuminate\\Database\\Eloquent\\Builder), 'first', Array)
#22 /Users/fabtech/Documents/projects/acmbv/vendor/laravel/framework/src/Illuminate/Database/Eloquent/Model.php(1748): Illuminate\\Database\\Eloquent\\Model->__call('first', Array)
#23 /Users/fabtech/Documents/projects/acmbv/app/Http/Controllers/Auth/Controller.php(23): Illuminate\\Database\\Eloquent\\Model::__callStatic('first', Array)
#24 /Users/fabtech/Documents/projects/acmbv/app/Http/Controllers/Auth/LoginController.php(43): App\\Http\\Controllers\\Auth\\Controller->__construct()
#25 [internal function]: App\\Http\\Controllers\\Auth\\LoginController->__construct()
#26 /Users/fabtech/Documents/projects/acmbv/vendor/laravel/framework/src/Illuminate/Container/Container.php(849): ReflectionClass->newInstanceArgs(Array)
#27 /Users/fabtech/Documents/projects/acmbv/vendor/laravel/framework/src/Illuminate/Container/Container.php(691): Illuminate\\Container\\Container->build('App\\\\Http\\\\Contro...')
#28 /Users/fabtech/Documents/projects/acmbv/vendor/laravel/framework/src/Illuminate/Foundation/Application.php(796): Illuminate\\Container\\Container->resolve('App\\\\Http\\\\Contro...', Array, true)
#29 /Users/fabtech/Documents/projects/acmbv/vendor/laravel/framework/src/Illuminate/Container/Container.php(637): Illuminate\\Foundation\\Application->resolve('App\\\\Http\\\\Contro...', Array)
#30 /Users/fabtech/Documents/projects/acmbv/vendor/laravel/framework/src/Illuminate/Foundation/Application.php(781): Illuminate\\Container\\Container->make('App\\\\Http\\\\Contro...', Array)
#31 /Users/fabtech/Documents/projects/acmbv/vendor/laravel/framework/src/Illuminate/Routing/Route.php(253): Illuminate\\Foundation\\Application->make('App\\\\Http\\\\Contro...')
#32 /Users/fabtech/Documents/projects/acmbv/vendor/laravel/framework/src/Illuminate/Routing/Route.php(970): Illuminate\\Routing\\Route->getController()
#33 /Users/fabtech/Documents/projects/acmbv/vendor/laravel/framework/src/Illuminate/Routing/Route.php(931): Illuminate\\Routing\\Route->controllerMiddleware()
#34 /Users/fabtech/Documents/projects/acmbv/vendor/laravel/framework/src/Illuminate/Routing/Router.php(702): Illuminate\\Routing\\Route->gatherMiddleware()
#35 /Users/fabtech/Documents/projects/acmbv/vendor/laravel/framework/src/Illuminate/Foundation/Console/RouteListCommand.php(173): Illuminate\\Routing\\Router->gatherRouteMiddleware(Object(Illuminate\\Routing\\Route))
#36 /Users/fabtech/Documents/projects/acmbv/vendor/laravel/framework/src/Illuminate/Foundation/Console/RouteListCommand.php(117): Illuminate\\Foundation\\Console\\RouteListCommand->getMiddleware(Object(Illuminate\\Routing\\Route))
#37 /Users/fabtech/Documents/projects/acmbv/vendor/laravel/framework/src/Illuminate/Foundation/Console/RouteListCommand.php(89): Illuminate\\Foundation\\Console\\RouteListCommand->getRouteInformation(Object(Illuminate\\Routing\\Route))
#38 [internal function]: Illuminate\\Foundation\\Console\\RouteListCommand->Illuminate\\Foundation\\Console\\{closure}(Object(Illuminate\\Routing\\Route), 6)
#39 /Users/fabtech/Documents/projects/acmbv/vendor/laravel/framework/src/Illuminate/Support/Collection.php(638): array_map(Object(Closure), Array, Array)
#40 /Users/fabtech/Documents/projects/acmbv/vendor/laravel/framework/src/Illuminate/Foundation/Console/RouteListCommand.php(90): Illuminate\\Support\\Collection->map(Object(Closure))
#41 /Users/fabtech/Documents/projects/acmbv/vendor/laravel/framework/src/Illuminate/Foundation/Console/RouteListCommand.php(74): Illuminate\\Foundation\\Console\\RouteListCommand->getRoutes()
#42 [internal function]: Illuminate\\Foundation\\Console\\RouteListCommand->handle()
#43 /Users/fabtech/Documents/projects/acmbv/vendor/laravel/framework/src/Illuminate/Container/BoundMethod.php(37): call_user_func_array(Array, Array)
#44 /Users/fabtech/Documents/projects/acmbv/vendor/laravel/framework/src/Illuminate/Container/Util.php(37): Illuminate\\Container\\BoundMethod::Illuminate\\Container\\{closure}()
#45 /Users/fabtech/Documents/projects/acmbv/vendor/laravel/framework/src/Illuminate/Container/BoundMethod.php(95): Illuminate\\Container\\Util::unwrapIfClosure(Object(Closure))
#46 /Users/fabtech/Documents/projects/acmbv/vendor/laravel/framework/src/Illuminate/Container/BoundMethod.php(39): Illuminate\\Container\\BoundMethod::callBoundMethod(Object(Illuminate\\Foundation\\Application), Array, Object(Closure))
#47 /Users/fabtech/Documents/projects/acmbv/vendor/laravel/framework/src/Illuminate/Container/Container.php(596): Illuminate\\Container\\BoundMethod::call(Object(Illuminate\\Foundation\\Application), Array, Array, NULL)
#48 /Users/fabtech/Documents/projects/acmbv/vendor/laravel/framework/src/Illuminate/Console/Command.php(134): Illuminate\\Container\\Container->call(Array)
#49 /Users/fabtech/Documents/projects/acmbv/vendor/symfony/console/Command/Command.php(258): Illuminate\\Console\\Command->execute(Object(Symfony\\Component\\Console\\Input\\ArgvInput), Object(Illuminate\\Console\\OutputStyle))
#50 /Users/fabtech/Documents/projects/acmbv/vendor/laravel/framework/src/Illuminate/Console/Command.php(121): Symfony\\Component\\Console\\Command\\Command->run(Object(Symfony\\Component\\Console\\Input\\ArgvInput), Object(Illuminate\\Console\\OutputStyle))
#51 /Users/fabtech/Documents/projects/acmbv/vendor/symfony/console/Application.php(920): Illuminate\\Console\\Command->run(Object(Symfony\\Component\\Console\\Input\\ArgvInput), Object(Symfony\\Component\\Console\\Output\\ConsoleOutput))
#52 /Users/fabtech/Documents/projects/acmbv/vendor/symfony/console/Application.php(266): Symfony\\Component\\Console\\Application->doRunCommand(Object(Illuminate\\Foundation\\Console\\RouteListCommand), Object(Symfony\\Component\\Console\\Input\\ArgvInput), Object(Symfony\\Component\\Console\\Output\\ConsoleOutput))
#53 /Users/fabtech/Documents/projects/acmbv/vendor/symfony/console/Application.php(142): Symfony\\Component\\Console\\Application->doRun(Object(Symfony\\Component\\Console\\Input\\ArgvInput), Object(Symfony\\Component\\Console\\Output\\ConsoleOutput))
#54 /Users/fabtech/Documents/projects/acmbv/vendor/laravel/framework/src/Illuminate/Console/Application.php(93): Symfony\\Component\\Console\\Application->run(Object(Symfony\\Component\\Console\\Input\\ArgvInput), Object(Symfony\\Component\\Console\\Output\\ConsoleOutput))
#55 /Users/fabtech/Documents/projects/acmbv/vendor/laravel/framework/src/Illuminate/Foundation/Console/Kernel.php(129): Illuminate\\Console\\Application->run(Object(Symfony\\Component\\Console\\Input\\ArgvInput), Object(Symfony\\Component\\Console\\Output\\ConsoleOutput))
#56 /Users/fabtech/Documents/projects/acmbv/artisan(37): Illuminate\\Foundation\\Console\\Kernel->handle(Object(Symfony\\Component\\Console\\Input\\ArgvInput), Object(Symfony\\Component\\Console\\Output\\ConsoleOutput))
#57 {main}

[previous exception] [object] (PDOException(code: 2002): SQLSTATE[HY000] [2002] Operation not permitted at /Users/fabtech/Documents/projects/acmbv/vendor/doctrine/dbal/lib/Doctrine/DBAL/Driver/PDOConnection.php:38)
[stacktrace]
#0 /Users/fabtech/Documents/projects/acmbv/vendor/doctrine/dbal/lib/Doctrine/DBAL/Driver/PDOConnection.php(38): PDO->__construct('mysql:unix_sock...', 'root', 'root', Array)
#1 /Users/fabtech/Documents/projects/acmbv/vendor/laravel/framework/src/Illuminate/Database/Connectors/Connector.php(67): Doctrine\\DBAL\\Driver\\PDOConnection->__construct('mysql:unix_sock...', 'root', 'root', Array)
#2 /Users/fabtech/Documents/projects/acmbv/vendor/laravel/framework/src/Illuminate/Database/Connectors/Connector.php(46): Illuminate\\Database\\Connectors\\Connector->createPdoConnection('mysql:unix_sock...', 'root', 'root', Array)
#3 /Users/fabtech/Documents/projects/acmbv/vendor/laravel/framework/src/Illuminate/Database/Connectors/MySqlConnector.php(24): Illuminate\\Database\\Connectors\\Connector->createConnection('mysql:unix_sock...', Array, Array)
#4 /Users/fabtech/Documents/projects/acmbv/vendor/laravel/framework/src/Illuminate/Database/Connectors/ConnectionFactory.php(184): Illuminate\\Database\\Connectors\\MySqlConnector->connect(Array)
#5 [internal function]: Illuminate\\Database\\Connectors\\ConnectionFactory->Illuminate\\Database\\Connectors\\{closure}()
#6 /Users/fabtech/Documents/projects/acmbv/vendor/laravel/framework/src/Illuminate/Database/Connection.php(926): call_user_func(Object(Closure))
#7 /Users/fabtech/Documents/projects/acmbv/vendor/laravel/framework/src/Illuminate/Database/Connection.php(961): Illuminate\\Database\\Connection->getPdo()
#8 /Users/fabtech/Documents/projects/acmbv/vendor/laravel/framework/src/Illuminate/Database/Connection.php(405): Illuminate\\Database\\Connection->getReadPdo()
#9 /Users/fabtech/Documents/projects/acmbv/vendor/laravel/framework/src/Illuminate/Database/Connection.php(331): Illuminate\\Database\\Connection->getPdoForSelect(true)
#10 /Users/fabtech/Documents/projects/acmbv/vendor/laravel/framework/src/Illuminate/Database/Connection.php(664): Illuminate\\Database\\Connection->Illuminate\\Database\\{closure}('select * from `...', Array)
#11 /Users/fabtech/Documents/projects/acmbv/vendor/laravel/framework/src/Illuminate/Database/Connection.php(631): Illuminate\\Database\\Connection->runQueryCallback('select * from `...', Array, Object(Closure))
#12 /Users/fabtech/Documents/projects/acmbv/vendor/laravel/framework/src/Illuminate/Database/Connection.php(339): Illuminate\\Database\\Connection->run('select * from `...', Array, Object(Closure))
#13 /Users/fabtech/Documents/projects/acmbv/vendor/laravel/framework/src/Illuminate/Database/Query/Builder.php(2260): Illuminate\\Database\\Connection->select('select * from `...', Array, true)
#14 /Users/fabtech/Documents/projects/acmbv/vendor/laravel/framework/src/Illuminate/Database/Query/Builder.php(2248): Illuminate\\Database\\Query\\Builder->runSelect()
#15 /Users/fabtech/Documents/projects/acmbv/vendor/laravel/framework/src/Illuminate/Database/Query/Builder.php(2743): Illuminate\\Database\\Query\\Builder->Illuminate\\Database\\Query\\{closure}()
#16 /Users/fabtech/Documents/projects/acmbv/vendor/laravel/framework/src/Illuminate/Database/Query/Builder.php(2249): Illuminate\\Database\\Query\\Builder->onceWithColumns(Array, Object(Closure))
#17 /Users/fabtech/Documents/projects/acmbv/vendor/laravel/framework/src/Illuminate/Database/Eloquent/Builder.php(547): Illuminate\\Database\\Query\\Builder->get(Array)
#18 /Users/fabtech/Documents/projects/acmbv/vendor/laravel/framework/src/Illuminate/Database/Eloquent/Builder.php(531): Illuminate\\Database\\Eloquent\\Builder->getModels(Array)
#19 /Users/fabtech/Documents/projects/acmbv/vendor/laravel/framework/src/Illuminate/Database/Concerns/BuildsQueries.php(143): Illuminate\\Database\\Eloquent\\Builder->get(Array)
#20 /Users/fabtech/Documents/projects/acmbv/vendor/laravel/framework/src/Illuminate/Support/Traits/ForwardsCalls.php(23): Illuminate\\Database\\Eloquent\\Builder->first()
#21 /Users/fabtech/Documents/projects/acmbv/vendor/laravel/framework/src/Illuminate/Database/Eloquent/Model.php(1736): Illuminate\\Database\\Eloquent\\Model->forwardCallTo(Object(Illuminate\\Database\\Eloquent\\Builder), 'first', Array)
#22 /Users/fabtech/Documents/projects/acmbv/vendor/laravel/framework/src/Illuminate/Database/Eloquent/Model.php(1748): Illuminate\\Database\\Eloquent\\Model->__call('first', Array)
#23 /Users/fabtech/Documents/projects/acmbv/app/Http/Controllers/Auth/Controller.php(23): Illuminate\\Database\\Eloquent\\Model::__callStatic('first', Array)
#24 /Users/fabtech/Documents/projects/acmbv/app/Http/Controllers/Auth/LoginController.php(43): App\\Http\\Controllers\\Auth\\Controller->__construct()
#25 [internal function]: App\\Http\\Controllers\\Auth\\LoginController->__construct()
#26 /Users/fabtech/Documents/projects/acmbv/vendor/laravel/framework/src/Illuminate/Container/Container.php(849): ReflectionClass->newInstanceArgs(Array)
#27 /Users/fabtech/Documents/projects/acmbv/vendor/laravel/framework/src/Illuminate/Container/Container.php(691): Illuminate\\Container\\Container->build('App\\\\Http\\\\Contro...')
#28 /Users/fabtech/Documents/projects/acmbv/vendor/laravel/framework/src/Illuminate/Foundation/Application.php(796): Illuminate\\Container\\Container->resolve('App\\\\Http\\\\Contro...', Array, true)
#29 /Users/fabtech/Documents/projects/acmbv/vendor/laravel/framework/src/Illuminate/Container/Container.php(637): Illuminate\\Foundation\\Application->resolve('App\\\\Http\\\\Contro...', Array)
#30 /Users/fabtech/Documents/projects/acmbv/vendor/laravel/framework/src/Illuminate/Foundation/Application.php(781): Illuminate\\Container\\Container->make('App\\\\Http\\\\Contro...', Array)
#31 /Users/fabtech/Documents/projects/acmbv/vendor/laravel/framework/src/Illuminate/Routing/Route.php(253): Illuminate\\Foundation\\Application->make('App\\\\Http\\\\Contro...')
#32 /Users/fabtech/Documents/projects/acmbv/vendor/laravel/framework/src/Illuminate/Routing/Route.php(970): Illuminate\\Routing\\Route->getController()
#33 /Users/fabtech/Documents/projects/acmbv/vendor/laravel/framework/src/Illuminate/Routing/Route.php(931): Illuminate\\Routing\\Route->controllerMiddleware()
#34 /Users/fabtech/Documents/projects/acmbv/vendor/laravel/framework/src/Illuminate/Routing/Router.php(702): Illuminate\\Routing\\Route->gatherMiddleware()
#35 /Users/fabtech/Documents/projects/acmbv/vendor/laravel/framework/src/Illuminate/Foundation/Console/RouteListCommand.php(173): Illuminate\\Routing\\Router->gatherRouteMiddleware(Object(Illuminate\\Routing\\Route))
#36 /Users/fabtech/Documents/projects/acmbv/vendor/laravel/framework/src/Illuminate/Foundation/Console/RouteListCommand.php(117): Illuminate\\Foundation\\Console\\RouteListCommand->getMiddleware(Object(Illuminate\\Routing\\Route))
#37 /Users/fabtech/Documents/projects/acmbv/vendor/laravel/framework/src/Illuminate/Foundation/Console/RouteListCommand.php(89): Illuminate\\Foundation\\Console\\RouteListCommand->getRouteInformation(Object(Illuminate\\Routing\\Route))
#38 [internal function]: Illuminate\\Foundation\\Console\\RouteListCommand->Illuminate\\Foundation\\Console\\{closure}(Object(Illuminate\\Routing\\Route), 6)
#39 /Users/fabtech/Documents/projects/acmbv/vendor/laravel/framework/src/Illuminate/Support/Collection.php(638): array_map(Object(Closure), Array, Array)
#40 /Users/fabtech/Documents/projects/acmbv/vendor/laravel/framework/src/Illuminate/Foundation/Console/RouteListCommand.php(90): Illuminate\\Support\\Collection->map(Object(Closure))
#41 /Users/fabtech/Documents/projects/acmbv/vendor/laravel/framework/src/Illuminate/Foundation/Console/RouteListCommand.php(74): Illuminate\\Foundation\\Console\\RouteListCommand->getRoutes()
#42 [internal function]: Illuminate\\Foundation\\Console\\RouteListCommand->handle()
#43 /Users/fabtech/Documents/projects/acmbv/vendor/laravel/framework/src/Illuminate/Container/BoundMethod.php(37): call_user_func_array(Array, Array)
#44 /Users/fabtech/Documents/projects/acmbv/vendor/laravel/framework/src/Illuminate/Container/Util.php(37): Illuminate\\Container\\BoundMethod::Illuminate\\Container\\{closure}()
#45 /Users/fabtech/Documents/projects/acmbv/vendor/laravel/framework/src/Illuminate/Container/BoundMethod.php(95): Illuminate\\Container\\Util::unwrapIfClosure(Object(Closure))
#46 /Users/fabtech/Documents/projects/acmbv/vendor/laravel/framework/src/Illuminate/Container/BoundMethod.php(39): Illuminate\\Container\\BoundMethod::callBoundMethod(Object(Illuminate\\Foundation\\Application), Array, Object(Closure))
#47 /Users/fabtech/Documents/projects/acmbv/vendor/laravel/framework/src/Illuminate/Container/Container.php(596): Illuminate\\Container\\BoundMethod::call(Object(Illuminate\\Foundation\\Application), Array, Array, NULL)
#48 /Users/fabtech/Documents/projects/acmbv/vendor/laravel/framework/src/Illuminate/Console/Command.php(134): Illuminate\\Container\\Container->call(Array)
#49 /Users/fabtech/Documents/projects/acmbv/vendor/symfony/console/Command/Command.php(258): Illuminate\\Console\\Command->execute(Object(Symfony\\Component\\Console\\Input\\ArgvInput), Object(Illuminate\\Console\\OutputStyle))
#50 /Users/fabtech/Documents/projects/acmbv/vendor/laravel/framework/src/Illuminate/Console/Command.php(121): Symfony\\Component\\Console\\Command\\Command->run(Object(Symfony\\Component\\Console\\Input\\ArgvInput), Object(Illuminate\\Console\\OutputStyle))
#51 /Users/fabtech/Documents/projects/acmbv/vendor/symfony/console/Application.php(920): Illuminate\\Console\\Command->run(Object(Symfony\\Component\\Console\\Input\\ArgvInput), Object(Symfony\\Component\\Console\\Output\\ConsoleOutput))
#52 /Users/fabtech/Documents/projects/acmbv/vendor/symfony/console/Application.php(266): Symfony\\Component\\Console\\Application->doRunCommand(Object(Illuminate\\Foundation\\Console\\RouteListCommand), Object(Symfony\\Component\\Console\\Input\\ArgvInput), Object(Symfony\\Component\\Console\\Output\\ConsoleOutput))
#53 /Users/fabtech/Documents/projects/acmbv/vendor/symfony/console/Application.php(142): Symfony\\Component\\Console\\Application->doRun(Object(Symfony\\Component\\Console\\Input\\ArgvInput), Object(Symfony\\Component\\Console\\Output\\ConsoleOutput))
#54 /Users/fabtech/Documents/projects/acmbv/vendor/laravel/framework/src/Illuminate/Console/Application.php(93): Symfony\\Component\\Console\\Application->run(Object(Symfony\\Component\\Console\\Input\\ArgvInput), Object(Symfony\\Component\\Console\\Output\\ConsoleOutput))
#55 /Users/fabtech/Documents/projects/acmbv/vendor/laravel/framework/src/Illuminate/Foundation/Console/Kernel.php(129): Illuminate\\Console\\Application->run(Object(Symfony\\Component\\Console\\Input\\ArgvInput), Object(Symfony\\Component\\Console\\Output\\ConsoleOutput))
#56 /Users/fabtech/Documents/projects/acmbv/artisan(37): Illuminate\\Foundation\\Console\\Kernel->handle(Object(Symfony\\Component\\Console\\Input\\ArgvInput), Object(Symfony\\Component\\Console\\Output\\ConsoleOutput))
#57 {main}
"} 
[2026-04-19 08:43:19] local.ERROR: Target class [App\Http\Controllers\Site\HomeController] does not exist. {"exception":"[object] (Illuminate\\Contracts\\Container\\BindingResolutionException(code: 0): Target class [App\\Http\\Controllers\\Site\\HomeController] does not exist. at /Users/fabtech/Documents/projects/acmbv/vendor/laravel/framework/src/Illuminate/Container/Container.php:811)
[stacktrace]
#0 /Users/fabtech/Documents/projects/acmbv/vendor/laravel/framework/src/Illuminate/Container/Container.php(691): Illuminate\\Container\\Container->build('App\\\\Http\\\\Contro...')
#1 /Users/fabtech/Documents/projects/acmbv/vendor/laravel/framework/src/Illuminate/Foundation/Application.php(796): Illuminate\\Container\\Container->resolve('App\\\\Http\\\\Contro...', Array, true)
#2 /Users/fabtech/Documents/projects/acmbv/vendor/laravel/framework/src/Illuminate/Container/Container.php(637): Illuminate\\Foundation\\Application->resolve('App\\\\Http\\\\Contro...', Array)
#3 /Users/fabtech/Documents/projects/acmbv/vendor/laravel/framework/src/Illuminate/Foundation/Application.php(781): Illuminate\\Container\\Container->make('App\\\\Http\\\\Contro...', Array)
#4 /Users/fabtech/Documents/projects/acmbv/vendor/laravel/framework/src/Illuminate/Routing/Route.php(253): Illuminate\\Foundation\\Application->make('App\\\\Http\\\\Contro...')
#5 /Users/fabtech/Documents/projects/acmbv/vendor/laravel/framework/src/Illuminate/Routing/Route.php(970): Illuminate\\Routing\\Route->getController()
#6 /Users/fabtech/Documents/projects/acmbv/vendor/laravel/framework/src/Illuminate/Routing/Route.php(931): Illuminate\\Routing\\Route->controllerMiddleware()
#7 /Users/fabtech/Documents/projects/acmbv/vendor/laravel/framework/src/Illuminate/Routing/Router.php(702): Illuminate\\Routing\\Route->gatherMiddleware()
#8 /Users/fabtech/Documents/projects/acmbv/vendor/laravel/framework/src/Illuminate/Routing/Router.php(678): Illuminate\\Routing\\Router->gatherRouteMiddleware(Object(Illuminate\\Routing\\Route))
#9 /Users/fabtech/Documents/projects/acmbv/vendor/laravel/framework/src/Illuminate/Routing/Router.php(662): Illuminate\\Routing\\Router->runRouteWithinStack(Object(Illuminate\\Routing\\Route), Object(Illuminate\\Http\\Request))
#10 /Users/fabtech/Documents/projects/acmbv/vendor/laravel/framework/src/Illuminate/Routing/Router.php(628): Illuminate\\Routing\\Router->runRoute(Object(Illuminate\\Http\\Request), Object(Illuminate\\Routing\\Route))
#11 /Users/fabtech/Documents/projects/acmbv/vendor/laravel/framework/src/Illuminate/Routing/Router.php(617): Illuminate\\Routing\\Router->dispatchToRoute(Object(Illuminate\\Http\\Request))
#12 /Users/fabtech/Documents/projects/acmbv/vendor/laravel/framework/src/Illuminate/Foundation/Http/Kernel.php(165): Illuminate\\Routing\\Router->dispatch(Object(Illuminate\\Http\\Request))
#13 /Users/fabtech/Documents/projects/acmbv/vendor/laravel/framework/src/Illuminate/Pipeline/Pipeline.php(128): Illuminate\\Foundation\\Http\\Kernel->Illuminate\\Foundation\\Http\\{closure}(Object(Illuminate\\Http\\Request))
#14 /Users/fabtech/Documents/projects/acmbv/vendor/fruitcake/laravel-cors/src/HandleCors.php(37): Illuminate\\Pipeline\\Pipeline->Illuminate\\Pipeline\\{closure}(Object(Illuminate\\Http\\Request))
#15 /Users/fabtech/Documents/projects/acmbv/vendor/laravel/framework/src/Illuminate/Pipeline/Pipeline.php(167): Fruitcake\\Cors\\HandleCors->handle(Object(Illuminate\\Http\\Request), Object(Closure))
#16 /Users/fabtech/Documents/projects/acmbv/vendor/laravel/framework/src/Illuminate/Foundation/Http/Middleware/TransformsRequest.php(21): Illuminate\\Pipeline\\Pipeline->Illuminate\\Pipeline\\{closure}(Object(Illuminate\\Http\\Request))
#17 /Users/fabtech/Documents/projects/acmbv/vendor/laravel/framework/src/Illuminate/Pipeline/Pipeline.php(167): Illuminate\\Foundation\\Http\\Middleware\\TransformsRequest->handle(Object(Illuminate\\Http\\Request), Object(Closure))
#18 /Users/fabtech/Documents/projects/acmbv/vendor/laravel/framework/src/Illuminate/Foundation/Http/Middleware/TransformsRequest.php(21): Illuminate\\Pipeline\\Pipeline->Illuminate\\Pipeline\\{closure}(Object(Illuminate\\Http\\Request))
#19 /Users/fabtech/Documents/projects/acmbv/vendor/laravel/framework/src/Illuminate/Pipeline/Pipeline.php(167): Illuminate\\Foundation\\Http\\Middleware\\TransformsRequest->handle(Object(Illuminate\\Http\\Request), Object(Closure))
#20 /Users/fabtech/Documents/projects/acmbv/vendor/laravel/framework/src/Illuminate/Foundation/Http/Middleware/ValidatePostSize.php(27): Illuminate\\Pipeline\\Pipeline->Illuminate\\Pipeline\\{closure}(Object(Illuminate\\Http\\Request))
#21 /Users/fabtech/Documents/projects/acmbv/vendor/laravel/framework/src/Illuminate/Pipeline/Pipeline.php(167): Illuminate\\Foundation\\Http\\Middleware\\ValidatePostSize->handle(Object(Illuminate\\Http\\Request), Object(Closure))
#22 /Users/fabtech/Documents/projects/acmbv/vendor/laravel/framework/src/Illuminate/Foundation/Http/Middleware/CheckForMaintenanceMode.php(63): Illuminate\\Pipeline\\Pipeline->Illuminate\\Pipeline\\{closure}(Object(Illuminate\\Http\\Request))
#23 /Users/fabtech/Documents/projects/acmbv/vendor/laravel/framework/src/Illuminate/Pipeline/Pipeline.php(167): Illuminate\\Foundation\\Http\\Middleware\\CheckForMaintenanceMode->handle(Object(Illuminate\\Http\\Request), Object(Closure))
#24 /Users/fabtech/Documents/projects/acmbv/vendor/fideloper/proxy/src/TrustProxies.php(57): Illuminate\\Pipeline\\Pipeline->Illuminate\\Pipeline\\{closure}(Object(Illuminate\\Http\\Request))
#25 /Users/fabtech/Documents/projects/acmbv/vendor/laravel/framework/src/Illuminate/Pipeline/Pipeline.php(167): Fideloper\\Proxy\\TrustProxies->handle(Object(Illuminate\\Http\\Request), Object(Closure))
#26 /Users/fabtech/Documents/projects/acmbv/vendor/laravel/framework/src/Illuminate/Pipeline/Pipeline.php(103): Illuminate\\Pipeline\\Pipeline->Illuminate\\Pipeline\\{closure}(Object(Illuminate\\Http\\Request))
#27 /Users/fabtech/Documents/projects/acmbv/vendor/laravel/framework/src/Illuminate/Foundation/Http/Kernel.php(140): Illuminate\\Pipeline\\Pipeline->then(Object(Closure))
#28 /Users/fabtech/Documents/projects/acmbv/vendor/laravel/framework/src/Illuminate/Foundation/Http/Kernel.php(109): Illuminate\\Foundation\\Http\\Kernel->sendRequestThroughRouter(Object(Illuminate\\Http\\Request))
#29 /Users/fabtech/Documents/projects/acmbv/public/index.php(55): Illuminate\\Foundation\\Http\\Kernel->handle(Object(Illuminate\\Http\\Request))
#30 /Users/fabtech/Documents/projects/acmbv/server.php(21): require_once('/Users/fabtech/...')
#31 {main}

[previous exception] [object] (ReflectionException(code: -1): Class App\\Http\\Controllers\\Site\\HomeController does not exist at /Users/fabtech/Documents/projects/acmbv/vendor/laravel/framework/src/Illuminate/Container/Container.php:809)
[stacktrace]
#0 /Users/fabtech/Documents/projects/acmbv/vendor/laravel/framework/src/Illuminate/Container/Container.php(809): ReflectionClass->__construct('App\\\\Http\\\\Contro...')
#1 /Users/fabtech/Documents/projects/acmbv/vendor/laravel/framework/src/Illuminate/Container/Container.php(691): Illuminate\\Container\\Container->build('App\\\\Http\\\\Contro...')
#2 /Users/fabtech/Documents/projects/acmbv/vendor/laravel/framework/src/Illuminate/Foundation/Application.php(796): Illuminate\\Container\\Container->resolve('App\\\\Http\\\\Contro...', Array, true)
#3 /Users/fabtech/Documents/projects/acmbv/vendor/laravel/framework/src/Illuminate/Container/Container.php(637): Illuminate\\Foundation\\Application->resolve('App\\\\Http\\\\Contro...', Array)
#4 /Users/fabtech/Documents/projects/acmbv/vendor/laravel/framework/src/Illuminate/Foundation/Application.php(781): Illuminate\\Container\\Container->make('App\\\\Http\\\\Contro...', Array)
#5 /Users/fabtech/Documents/projects/acmbv/vendor/laravel/framework/src/Illuminate/Routing/Route.php(253): Illuminate\\Foundation\\Application->make('App\\\\Http\\\\Contro...')
#6 /Users/fabtech/Documents/projects/acmbv/vendor/laravel/framework/src/Illuminate/Routing/Route.php(970): Illuminate\\Routing\\Route->getController()
#7 /Users/fabtech/Documents/projects/acmbv/vendor/laravel/framework/src/Illuminate/Routing/Route.php(931): Illuminate\\Routing\\Route->controllerMiddleware()
#8 /Users/fabtech/Documents/projects/acmbv/vendor/laravel/framework/src/Illuminate/Routing/Router.php(702): Illuminate\\Routing\\Route->gatherMiddleware()
#9 /Users/fabtech/Documents/projects/acmbv/vendor/laravel/framework/src/Illuminate/Routing/Router.php(678): Illuminate\\Routing\\Router->gatherRouteMiddleware(Object(Illuminate\\Routing\\Route))
#10 /Users/fabtech/Documents/projects/acmbv/vendor/laravel/framework/src/Illuminate/Routing/Router.php(662): Illuminate\\Routing\\Router->runRouteWithinStack(Object(Illuminate\\Routing\\Route), Object(Illuminate\\Http\\Request))
#11 /Users/fabtech/Documents/projects/acmbv/vendor/laravel/framework/src/Illuminate/Routing/Router.php(628): Illuminate\\Routing\\Router->runRoute(Object(Illuminate\\Http\\Request), Object(Illuminate\\Routing\\Route))
#12 /Users/fabtech/Documents/projects/acmbv/vendor/laravel/framework/src/Illuminate/Routing/Router.php(617): Illuminate\\Routing\\Router->dispatchToRoute(Object(Illuminate\\Http\\Request))
#13 /Users/fabtech/Documents/projects/acmbv/vendor/laravel/framework/src/Illuminate/Foundation/Http/Kernel.php(165): Illuminate\\Routing\\Router->dispatch(Object(Illuminate\\Http\\Request))
#14 /Users/fabtech/Documents/projects/acmbv/vendor/laravel/framework/src/Illuminate/Pipeline/Pipeline.php(128): Illuminate\\Foundation\\Http\\Kernel->Illuminate\\Foundation\\Http\\{closure}(Object(Illuminate\\Http\\Request))
#15 /Users/fabtech/Documents/projects/acmbv/vendor/fruitcake/laravel-cors/src/HandleCors.php(37): Illuminate\\Pipeline\\Pipeline->Illuminate\\Pipeline\\{closure}(Object(Illuminate\\Http\\Request))
#16 /Users/fabtech/Documents/projects/acmbv/vendor/laravel/framework/src/Illuminate/Pipeline/Pipeline.php(167): Fruitcake\\Cors\\HandleCors->handle(Object(Illuminate\\Http\\Request), Object(Closure))
#17 /Users/fabtech/Documents/projects/acmbv/vendor/laravel/framework/src/Illuminate/Foundation/Http/Middleware/TransformsRequest.php(21): Illuminate\\Pipeline\\Pipeline->Illuminate\\Pipeline\\{closure}(Object(Illuminate\\Http\\Request))
#18 /Users/fabtech/Documents/projects/acmbv/vendor/laravel/framework/src/Illuminate/Pipeline/Pipeline.php(167): Illuminate\\Foundation\\Http\\Middleware\\TransformsRequest->handle(Object(Illuminate\\Http\\Request), Object(Closure))
#19 /Users/fabtech/Documents/projects/acmbv/vendor/laravel/framework/src/Illuminate/Foundation/Http/Middleware/TransformsRequest.php(21): Illuminate\\Pipeline\\Pipeline->Illuminate\\Pipeline\\{closure}(Object(Illuminate\\Http\\Request))
#20 /Users/fabtech/Documents/projects/acmbv/vendor/laravel/framework/src/Illuminate/Pipeline/Pipeline.php(167): Illuminate\\Foundation\\Http\\Middleware\\TransformsRequest->handle(Object(Illuminate\\Http\\Request), Object(Closure))
#21 /Users/fabtech/Documents/projects/acmbv/vendor/laravel/framework/src/Illuminate/Foundation/Http/Middleware/ValidatePostSize.php(27): Illuminate\\Pipeline\\Pipeline->Illuminate\\Pipeline\\{closure}(Object(Illuminate\\Http\\Request))
#22 /Users/fabtech/Documents/projects/acmbv/vendor/laravel/framework/src/Illuminate/Pipeline/Pipeline.php(167): Illuminate\\Foundation\\Http\\Middleware\\ValidatePostSize->handle(Object(Illuminate\\Http\\Request), Object(Closure))
#23 /Users/fabtech/Documents/projects/acmbv/vendor/laravel/framework/src/Illuminate/Foundation/Http/Middleware/CheckForMaintenanceMode.php(63): Illuminate\\Pipeline\\Pipeline->Illuminate\\Pipeline\\{closure}(Object(Illuminate\\Http\\Request))
#24 /Users/fabtech/Documents/projects/acmbv/vendor/laravel/framework/src/Illuminate/Pipeline/Pipeline.php(167): Illuminate\\Foundation\\Http\\Middleware\\CheckForMaintenanceMode->handle(Object(Illuminate\\Http\\Request), Object(Closure))
#25 /Users/fabtech/Documents/projects/acmbv/vendor/fideloper/proxy/src/TrustProxies.php(57): Illuminate\\Pipeline\\Pipeline->Illuminate\\Pipeline\\{closure}(Object(Illuminate\\Http\\Request))
#26 /Users/fabtech/Documents/projects/acmbv/vendor/laravel/framework/src/Illuminate/Pipeline/Pipeline.php(167): Fideloper\\Proxy\\TrustProxies->handle(Object(Illuminate\\Http\\Request), Object(Closure))
#27 /Users/fabtech/Documents/projects/acmbv/vendor/laravel/framework/src/Illuminate/Pipeline/Pipeline.php(103): Illuminate\\Pipeline\\Pipeline->Illuminate\\Pipeline\\{closure}(Object(Illuminate\\Http\\Request))
#28 /Users/fabtech/Documents/projects/acmbv/vendor/laravel/framework/src/Illuminate/Foundation/Http/Kernel.php(140): Illuminate\\Pipeline\\Pipeline->then(Object(Closure))
#29 /Users/fabtech/Documents/projects/acmbv/vendor/laravel/framework/src/Illuminate/Foundation/Http/Kernel.php(109): Illuminate\\Foundation\\Http\\Kernel->sendRequestThroughRouter(Object(Illuminate\\Http\\Request))
#30 /Users/fabtech/Documents/projects/acmbv/public/index.php(55): Illuminate\\Foundation\\Http\\Kernel->handle(Object(Illuminate\\Http\\Request))
#31 /Users/fabtech/Documents/projects/acmbv/server.php(21): require_once('/Users/fabtech/...')
#32 {main}
"} 
[2026-04-19 08:43:34] local.ERROR: Method App\Http\Controllers\Site\HomeController::index does not exist. {"exception":"[object] (BadMethodCallException(code: 0): Method App\\Http\\Controllers\\Site\\HomeController::index does not exist. at /Users/fabtech/Documents/projects/acmbv/vendor/laravel/framework/src/Illuminate/Routing/Controller.php:68)
[stacktrace]
#0 [internal function]: Illuminate\\Routing\\Controller->__call('index', Array)
#1 /Users/fabtech/Documents/projects/acmbv/vendor/laravel/framework/src/Illuminate/Routing/Controller.php(54): call_user_func_array(Array, Array)
#2 /Users/fabtech/Documents/projects/acmbv/vendor/laravel/framework/src/Illuminate/Routing/ControllerDispatcher.php(45): Illuminate\\Routing\\Controller->callAction('index', Array)
#3 /Users/fabtech/Documents/projects/acmbv/vendor/laravel/framework/src/Illuminate/Routing/Route.php(239): Illuminate\\Routing\\ControllerDispatcher->dispatch(Object(Illuminate\\Routing\\Route), Object(App\\Http\\Controllers\\Site\\HomeController), 'index')
#4 /Users/fabtech/Documents/projects/acmbv/vendor/laravel/framework/src/Illuminate/Routing/Route.php(196): Illuminate\\Routing\\Route->runController()
#5 /Users/fabtech/Documents/projects/acmbv/vendor/laravel/framework/src/Illuminate/Routing/Router.php(685): Illuminate\\Routing\\Route->run()
#6 /Users/fabtech/Documents/projects/acmbv/vendor/laravel/framework/src/Illuminate/Pipeline/Pipeline.php(128): Illuminate\\Routing\\Router->Illuminate\\Routing\\{closure}(Object(Illuminate\\Http\\Request))
#7 /Users/fabtech/Documents/projects/acmbv/app/Http/Controllers/Site/Controller.php(45): Illuminate\\Pipeline\\Pipeline->Illuminate\\Pipeline\\{closure}(Object(Illuminate\\Http\\Request))
#8 /Users/fabtech/Documents/projects/acmbv/vendor/laravel/framework/src/Illuminate/Pipeline/Pipeline.php(149): App\\Http\\Controllers\\Site\\Controller->App\\Http\\Controllers\\Site\\{closure}(Object(Illuminate\\Http\\Request), Object(Closure))
#9 /Users/fabtech/Documents/projects/acmbv/app/Http/Middleware/LgpdAceiteMiddleware.php(32): Illuminate\\Pipeline\\Pipeline->Illuminate\\Pipeline\\{closure}(Object(Illuminate\\Http\\Request))
#10 /Users/fabtech/Documents/projects/acmbv/vendor/laravel/framework/src/Illuminate/Pipeline/Pipeline.php(167): App\\Http\\Middleware\\LgpdAceiteMiddleware->handle(Object(Illuminate\\Http\\Request), Object(Closure))
#11 /Users/fabtech/Documents/projects/acmbv/vendor/laravel/framework/src/Illuminate/Routing/Middleware/SubstituteBindings.php(41): Illuminate\\Pipeline\\Pipeline->Illuminate\\Pipeline\\{closure}(Object(Illuminate\\Http\\Request))
#12 /Users/fabtech/Documents/projects/acmbv/vendor/laravel/framework/src/Illuminate/Pipeline/Pipeline.php(167): Illuminate\\Routing\\Middleware\\SubstituteBindings->handle(Object(Illuminate\\Http\\Request), Object(Closure))
#13 /Users/fabtech/Documents/projects/acmbv/vendor/laravel/framework/src/Illuminate/Foundation/Http/Middleware/VerifyCsrfToken.php(77): Illuminate\\Pipeline\\Pipeline->Illuminate\\Pipeline\\{closure}(Object(Illuminate\\Http\\Request))
#14 /Users/fabtech/Documents/projects/acmbv/vendor/laravel/framework/src/Illuminate/Pipeline/Pipeline.php(167): Illuminate\\Foundation\\Http\\Middleware\\VerifyCsrfToken->handle(Object(Illuminate\\Http\\Request), Object(Closure))
#15 /Users/fabtech/Documents/projects/acmbv/vendor/laravel/framework/src/Illuminate/Session/Middleware/AuthenticateSession.php(39): Illuminate\\Pipeline\\Pipeline->Illuminate\\Pipeline\\{closure}(Object(Illuminate\\Http\\Request))
#16 /Users/fabtech/Documents/projects/acmbv/vendor/laravel/framework/src/Illuminate/Pipeline/Pipeline.php(167): Illuminate\\Session\\Middleware\\AuthenticateSession->handle(Object(Illuminate\\Http\\Request), Object(Closure))
#17 /Users/fabtech/Documents/projects/acmbv/vendor/laravel/framework/src/Illuminate/View/Middleware/ShareErrorsFromSession.php(49): Illuminate\\Pipeline\\Pipeline->Illuminate\\Pipeline\\{closure}(Object(Illuminate\\Http\\Request))
#18 /Users/fabtech/Documents/projects/acmbv/vendor/laravel/framework/src/Illuminate/Pipeline/Pipeline.php(167): Illuminate\\View\\Middleware\\ShareErrorsFromSession->handle(Object(Illuminate\\Http\\Request), Object(Closure))
#19 /Users/fabtech/Documents/projects/acmbv/vendor/laravel/framework/src/Illuminate/Session/Middleware/StartSession.php(116): Illuminate\\Pipeline\\Pipeline->Illuminate\\Pipeline\\{closure}(Object(Illuminate\\Http\\Request))
#20 /Users/fabtech/Documents/projects/acmbv/vendor/laravel/framework/src/Illuminate/Session/Middleware/StartSession.php(62): Illuminate\\Session\\Middleware\\StartSession->handleStatefulRequest(Object(Illuminate\\Http\\Request), Object(Illuminate\\Session\\Store), Object(Closure))
#21 /Users/fabtech/Documents/projects/acmbv/vendor/laravel/framework/src/Illuminate/Pipeline/Pipeline.php(167): Illuminate\\Session\\Middleware\\StartSession->handle(Object(Illuminate\\Http\\Request), Object(Closure))
#22 /Users/fabtech/Documents/projects/acmbv/vendor/laravel/framework/src/Illuminate/Cookie/Middleware/AddQueuedCookiesToResponse.php(37): Illuminate\\Pipeline\\Pipeline->Illuminate\\Pipeline\\{closure}(Object(Illuminate\\Http\\Request))
#23 /Users/fabtech/Documents/projects/acmbv/vendor/laravel/framework/src/Illuminate/Pipeline/Pipeline.php(167): Illuminate\\Cookie\\Middleware\\AddQueuedCookiesToResponse->handle(Object(Illuminate\\Http\\Request), Object(Closure))
#24 /Users/fabtech/Documents/projects/acmbv/vendor/laravel/framework/src/Illuminate/Cookie/Middleware/EncryptCookies.php(67): Illuminate\\Pipeline\\Pipeline->Illuminate\\Pipeline\\{closure}(Object(Illuminate\\Http\\Request))
#25 /Users/fabtech/Documents/projects/acmbv/vendor/laravel/framework/src/Illuminate/Pipeline/Pipeline.php(167): Illuminate\\Cookie\\Middleware\\EncryptCookies->handle(Object(Illuminate\\Http\\Request), Object(Closure))
#26 /Users/fabtech/Documents/projects/acmbv/vendor/laravel/framework/src/Illuminate/Pipeline/Pipeline.php(103): Illuminate\\Pipeline\\Pipeline->Illuminate\\Pipeline\\{closure}(Object(Illuminate\\Http\\Request))
#27 /Users/fabtech/Documents/projects/acmbv/vendor/laravel/framework/src/Illuminate/Routing/Router.php(687): Illuminate\\Pipeline\\Pipeline->then(Object(Closure))
#28 /Users/fabtech/Documents/projects/acmbv/vendor/laravel/framework/src/Illuminate/Routing/Router.php(662): Illuminate\\Routing\\Router->runRouteWithinStack(Object(Illuminate\\Routing\\Route), Object(Illuminate\\Http\\Request))
#29 /Users/fabtech/Documents/projects/acmbv/vendor/laravel/framework/src/Illuminate/Routing/Router.php(628): Illuminate\\Routing\\Router->runRoute(Object(Illuminate\\Http\\Request), Object(Illuminate\\Routing\\Route))
#30 /Users/fabtech/Documents/projects/acmbv/vendor/laravel/framework/src/Illuminate/Routing/Router.php(617): Illuminate\\Routing\\Router->dispatchToRoute(Object(Illuminate\\Http\\Request))
#31 /Users/fabtech/Documents/projects/acmbv/vendor/laravel/framework/src/Illuminate/Foundation/Http/Kernel.php(165): Illuminate\\Routing\\Router->dispatch(Object(Illuminate\\Http\\Request))
#32 /Users/fabtech/Documents/projects/acmbv/vendor/laravel/framework/src/Illuminate/Pipeline/Pipeline.php(128): Illuminate\\Foundation\\Http\\Kernel->Illuminate\\Foundation\\Http\\{closure}(Object(Illuminate\\Http\\Request))
#33 /Users/fabtech/Documents/projects/acmbv/vendor/fruitcake/laravel-cors/src/HandleCors.php(37): Illuminate\\Pipeline\\Pipeline->Illuminate\\Pipeline\\{closure}(Object(Illuminate\\Http\\Request))
#34 /Users/fabtech/Documents/projects/acmbv/vendor/laravel/framework/src/Illuminate/Pipeline/Pipeline.php(167): Fruitcake\\Cors\\HandleCors->handle(Object(Illuminate\\Http\\Request), Object(Closure))
#35 /Users/fabtech/Documents/projects/acmbv/vendor/laravel/framework/src/Illuminate/Foundation/Http/Middleware/TransformsRequest.php(21): Illuminate\\Pipeline\\Pipeline->Illuminate\\Pipeline\\{closure}(Object(Illuminate\\Http\\Request))
#36 /Users/fabtech/Documents/projects/acmbv/vendor/laravel/framework/src/Illuminate/Pipeline/Pipeline.php(167): Illuminate\\Foundation\\Http\\Middleware\\TransformsRequest->handle(Object(Illuminate\\Http\\Request), Object(Closure))
#37 /Users/fabtech/Documents/projects/acmbv/vendor/laravel/framework/src/Illuminate/Foundation/Http/Middleware/TransformsRequest.php(21): Illuminate\\Pipeline\\Pipeline->Illuminate\\Pipeline\\{closure}(Object(Illuminate\\Http\\Request))
#38 /Users/fabtech/Documents/projects/acmbv/vendor/laravel/framework/src/Illuminate/Pipeline/Pipeline.php(167): Illuminate\\Foundation\\Http\\Middleware\\TransformsRequest->handle(Object(Illuminate\\Http\\Request), Object(Closure))
#39 /Users/fabtech/Documents/projects/acmbv/vendor/laravel/framework/src/Illuminate/Foundation/Http/Middleware/ValidatePostSize.php(27): Illuminate\\Pipeline\\Pipeline->Illuminate\\Pipeline\\{closure}(Object(Illuminate\\Http\\Request))
#40 /Users/fabtech/Documents/projects/acmbv/vendor/laravel/framework/src/Illuminate/Pipeline/Pipeline.php(167): Illuminate\\Foundation\\Http\\Middleware\\ValidatePostSize->handle(Object(Illuminate\\Http\\Request), Object(Closure))
#41 /Users/fabtech/Documents/projects/acmbv/vendor/laravel/framework/src/Illuminate/Foundation/Http/Middleware/CheckForMaintenanceMode.php(63): Illuminate\\Pipeline\\Pipeline->Illuminate\\Pipeline\\{closure}(Object(Illuminate\\Http\\Request))
#42 /Users/fabtech/Documents/projects/acmbv/vendor/laravel/framework/src/Illuminate/Pipeline/Pipeline.php(167): Illuminate\\Foundation\\Http\\Middleware\\CheckForMaintenanceMode->handle(Object(Illuminate\\Http\\Request), Object(Closure))
#43 /Users/fabtech/Documents/projects/acmbv/vendor/fideloper/proxy/src/TrustProxies.php(57): Illuminate\\Pipeline\\Pipeline->Illuminate\\Pipeline\\{closure}(Object(Illuminate\\Http\\Request))
#44 /Users/fabtech/Documents/projects/acmbv/vendor/laravel/framework/src/Illuminate/Pipeline/Pipeline.php(167): Fideloper\\Proxy\\TrustProxies->handle(Object(Illuminate\\Http\\Request), Object(Closure))
#45 /Users/fabtech/Documents/projects/acmbv/vendor/laravel/framework/src/Illuminate/Pipeline/Pipeline.php(103): Illuminate\\Pipeline\\Pipeline->Illuminate\\Pipeline\\{closure}(Object(Illuminate\\Http\\Request))
#46 /Users/fabtech/Documents/projects/acmbv/vendor/laravel/framework/src/Illuminate/Foundation/Http/Kernel.php(140): Illuminate\\Pipeline\\Pipeline->then(Object(Closure))
#47 /Users/fabtech/Documents/projects/acmbv/vendor/laravel/framework/src/Illuminate/Foundation/Http/Kernel.php(109): Illuminate\\Foundation\\Http\\Kernel->sendRequestThroughRouter(Object(Illuminate\\Http\\Request))
#48 /Users/fabtech/Documents/projects/acmbv/public/index.php(55): Illuminate\\Foundation\\Http\\Kernel->handle(Object(Illuminate\\Http\\Request))
#49 /Users/fabtech/Documents/projects/acmbv/server.php(21): require_once('/Users/fabtech/...')
#50 {main}
"} 
[2026-04-19 08:43:52] local.ERROR: compact(): Undefined variable: categorias {"exception":"[object] (ErrorException(code: 0): compact(): Undefined variable: categorias at /Users/fabtech/Documents/projects/acmbv/app/Http/Controllers/Site/HomeController.php:71)
[stacktrace]
#0 [internal function]: Illuminate\\Foundation\\Bootstrap\\HandleExceptions->handleError(8, 'compact(): Unde...', '/Users/fabtech/...', 71, Array)
#1 /Users/fabtech/Documents/projects/acmbv/app/Http/Controllers/Site/HomeController.php(71): compact('slides', 'topoBanners', 'categorias', 'secoes', 'depoimentos', 'sobreNos')
#2 [internal function]: App\\Http\\Controllers\\Site\\HomeController->index()
#3 /Users/fabtech/Documents/projects/acmbv/vendor/laravel/framework/src/Illuminate/Routing/Controller.php(54): call_user_func_array(Array, Array)
#4 /Users/fabtech/Documents/projects/acmbv/vendor/laravel/framework/src/Illuminate/Routing/ControllerDispatcher.php(45): Illuminate\\Routing\\Controller->callAction('index', Array)
#5 /Users/fabtech/Documents/projects/acmbv/vendor/laravel/framework/src/Illuminate/Routing/Route.php(239): Illuminate\\Routing\\ControllerDispatcher->dispatch(Object(Illuminate\\Routing\\Route), Object(App\\Http\\Controllers\\Site\\HomeController), 'index')
#6 /Users/fabtech/Documents/projects/acmbv/vendor/laravel/framework/src/Illuminate/Routing/Route.php(196): Illuminate\\Routing\\Route->runController()
#7 /Users/fabtech/Documents/projects/acmbv/vendor/laravel/framework/src/Illuminate/Routing/Router.php(685): Illuminate\\Routing\\Route->run()
#8 /Users/fabtech/Documents/projects/acmbv/vendor/laravel/framework/src/Illuminate/Pipeline/Pipeline.php(128): Illuminate\\Routing\\Router->Illuminate\\Routing\\{closure}(Object(Illuminate\\Http\\Request))
#9 /Users/fabtech/Documents/projects/acmbv/app/Http/Controllers/Site/Controller.php(45): Illuminate\\Pipeline\\Pipeline->Illuminate\\Pipeline\\{closure}(Object(Illuminate\\Http\\Request))
#10 /Users/fabtech/Documents/projects/acmbv/vendor/laravel/framework/src/Illuminate/Pipeline/Pipeline.php(149): App\\Http\\Controllers\\Site\\Controller->App\\Http\\Controllers\\Site\\{closure}(Object(Illuminate\\Http\\Request), Object(Closure))
#11 /Users/fabtech/Documents/projects/acmbv/app/Http/Middleware/LgpdAceiteMiddleware.php(32): Illuminate\\Pipeline\\Pipeline->Illuminate\\Pipeline\\{closure}(Object(Illuminate\\Http\\Request))
#12 /Users/fabtech/Documents/projects/acmbv/vendor/laravel/framework/src/Illuminate/Pipeline/Pipeline.php(167): App\\Http\\Middleware\\LgpdAceiteMiddleware->handle(Object(Illuminate\\Http\\Request), Object(Closure))
#13 /Users/fabtech/Documents/projects/acmbv/vendor/laravel/framework/src/Illuminate/Routing/Middleware/SubstituteBindings.php(41): Illuminate\\Pipeline\\Pipeline->Illuminate\\Pipeline\\{closure}(Object(Illuminate\\Http\\Request))
#14 /Users/fabtech/Documents/projects/acmbv/vendor/laravel/framework/src/Illuminate/Pipeline/Pipeline.php(167): Illuminate\\Routing\\Middleware\\SubstituteBindings->handle(Object(Illuminate\\Http\\Request), Object(Closure))
#15 /Users/fabtech/Documents/projects/acmbv/vendor/laravel/framework/src/Illuminate/Foundation/Http/Middleware/VerifyCsrfToken.php(77): Illuminate\\Pipeline\\Pipeline->Illuminate\\Pipeline\\{closure}(Object(Illuminate\\Http\\Request))
#16 /Users/fabtech/Documents/projects/acmbv/vendor/laravel/framework/src/Illuminate/Pipeline/Pipeline.php(167): Illuminate\\Foundation\\Http\\Middleware\\VerifyCsrfToken->handle(Object(Illuminate\\Http\\Request), Object(Closure))
#17 /Users/fabtech/Documents/projects/acmbv/vendor/laravel/framework/src/Illuminate/Session/Middleware/AuthenticateSession.php(39): Illuminate\\Pipeline\\Pipeline->Illuminate\\Pipeline\\{closure}(Object(Illuminate\\Http\\Request))
#18 /Users/fabtech/Documents/projects/acmbv/vendor/laravel/framework/src/Illuminate/Pipeline/Pipeline.php(167): Illuminate\\Session\\Middleware\\AuthenticateSession->handle(Object(Illuminate\\Http\\Request), Object(Closure))
#19 /Users/fabtech/Documents/projects/acmbv/vendor/laravel/framework/src/Illuminate/View/Middleware/ShareErrorsFromSession.php(49): Illuminate\\Pipeline\\Pipeline->Illuminate\\Pipeline\\{closure}(Object(Illuminate\\Http\\Request))
#20 /Users/fabtech/Documents/projects/acmbv/vendor/laravel/framework/src/Illuminate/Pipeline/Pipeline.php(167): Illuminate\\View\\Middleware\\ShareErrorsFromSession->handle(Object(Illuminate\\Http\\Request), Object(Closure))
#21 /Users/fabtech/Documents/projects/acmbv/vendor/laravel/framework/src/Illuminate/Session/Middleware/StartSession.php(116): Illuminate\\Pipeline\\Pipeline->Illuminate\\Pipeline\\{closure}(Object(Illuminate\\Http\\Request))
#22 /Users/fabtech/Documents/projects/acmbv/vendor/laravel/framework/src/Illuminate/Session/Middleware/StartSession.php(62): Illuminate\\Session\\Middleware\\StartSession->handleStatefulRequest(Object(Illuminate\\Http\\Request), Object(Illuminate\\Session\\Store), Object(Closure))
#23 /Users/fabtech/Documents/projects/acmbv/vendor/laravel/framework/src/Illuminate/Pipeline/Pipeline.php(167): Illuminate\\Session\\Middleware\\StartSession->handle(Object(Illuminate\\Http\\Request), Object(Closure))
#24 /Users/fabtech/Documents/projects/acmbv/vendor/laravel/framework/src/Illuminate/Cookie/Middleware/AddQueuedCookiesToResponse.php(37): Illuminate\\Pipeline\\Pipeline->Illuminate\\Pipeline\\{closure}(Object(Illuminate\\Http\\Request))
#25 /Users/fabtech/Documents/projects/acmbv/vendor/laravel/framework/src/Illuminate/Pipeline/Pipeline.php(167): Illuminate\\Cookie\\Middleware\\AddQueuedCookiesToResponse->handle(Object(Illuminate\\Http\\Request), Object(Closure))
#26 /Users/fabtech/Documents/projects/acmbv/vendor/laravel/framework/src/Illuminate/Cookie/Middleware/EncryptCookies.php(67): Illuminate\\Pipeline\\Pipeline->Illuminate\\Pipeline\\{closure}(Object(Illuminate\\Http\\Request))
#27 /Users/fabtech/Documents/projects/acmbv/vendor/laravel/framework/src/Illuminate/Pipeline/Pipeline.php(167): Illuminate\\Cookie\\Middleware\\EncryptCookies->handle(Object(Illuminate\\Http\\Request), Object(Closure))
#28 /Users/fabtech/Documents/projects/acmbv/vendor/laravel/framework/src/Illuminate/Pipeline/Pipeline.php(103): Illuminate\\Pipeline\\Pipeline->Illuminate\\Pipeline\\{closure}(Object(Illuminate\\Http\\Request))
#29 /Users/fabtech/Documents/projects/acmbv/vendor/laravel/framework/src/Illuminate/Routing/Router.php(687): Illuminate\\Pipeline\\Pipeline->then(Object(Closure))
#30 /Users/fabtech/Documents/projects/acmbv/vendor/laravel/framework/src/Illuminate/Routing/Router.php(662): Illuminate\\Routing\\Router->runRouteWithinStack(Object(Illuminate\\Routing\\Route), Object(Illuminate\\Http\\Request))
#31 /Users/fabtech/Documents/projects/acmbv/vendor/laravel/framework/src/Illuminate/Routing/Router.php(628): Illuminate\\Routing\\Router->runRoute(Object(Illuminate\\Http\\Request), Object(Illuminate\\Routing\\Route))
#32 /Users/fabtech/Documents/projects/acmbv/vendor/laravel/framework/src/Illuminate/Routing/Router.php(617): Illuminate\\Routing\\Router->dispatchToRoute(Object(Illuminate\\Http\\Request))
#33 /Users/fabtech/Documents/projects/acmbv/vendor/laravel/framework/src/Illuminate/Foundation/Http/Kernel.php(165): Illuminate\\Routing\\Router->dispatch(Object(Illuminate\\Http\\Request))
#34 /Users/fabtech/Documents/projects/acmbv/vendor/laravel/framework/src/Illuminate/Pipeline/Pipeline.php(128): Illuminate\\Foundation\\Http\\Kernel->Illuminate\\Foundation\\Http\\{closure}(Object(Illuminate\\Http\\Request))
#35 /Users/fabtech/Documents/projects/acmbv/vendor/fruitcake/laravel-cors/src/HandleCors.php(37): Illuminate\\Pipeline\\Pipeline->Illuminate\\Pipeline\\{closure}(Object(Illuminate\\Http\\Request))
#36 /Users/fabtech/Documents/projects/acmbv/vendor/laravel/framework/src/Illuminate/Pipeline/Pipeline.php(167): Fruitcake\\Cors\\HandleCors->handle(Object(Illuminate\\Http\\Request), Object(Closure))
#37 /Users/fabtech/Documents/projects/acmbv/vendor/laravel/framework/src/Illuminate/Foundation/Http/Middleware/TransformsRequest.php(21): Illuminate\\Pipeline\\Pipeline->Illuminate\\Pipeline\\{closure}(Object(Illuminate\\Http\\Request))
#38 /Users/fabtech/Documents/projects/acmbv/vendor/laravel/framework/src/Illuminate/Pipeline/Pipeline.php(167): Illuminate\\Foundation\\Http\\Middleware\\TransformsRequest->handle(Object(Illuminate\\Http\\Request), Object(Closure))
#39 /Users/fabtech/Documents/projects/acmbv/vendor/laravel/framework/src/Illuminate/Foundation/Http/Middleware/TransformsRequest.php(21): Illuminate\\Pipeline\\Pipeline->Illuminate\\Pipeline\\{closure}(Object(Illuminate\\Http\\Request))
#40 /Users/fabtech/Documents/projects/acmbv/vendor/laravel/framework/src/Illuminate/Pipeline/Pipeline.php(167): Illuminate\\Foundation\\Http\\Middleware\\TransformsRequest->handle(Object(Illuminate\\Http\\Request), Object(Closure))
#41 /Users/fabtech/Documents/projects/acmbv/vendor/laravel/framework/src/Illuminate/Foundation/Http/Middleware/ValidatePostSize.php(27): Illuminate\\Pipeline\\Pipeline->Illuminate\\Pipeline\\{closure}(Object(Illuminate\\Http\\Request))
#42 /Users/fabtech/Documents/projects/acmbv/vendor/laravel/framework/src/Illuminate/Pipeline/Pipeline.php(167): Illuminate\\Foundation\\Http\\Middleware\\ValidatePostSize->handle(Object(Illuminate\\Http\\Request), Object(Closure))
#43 /Users/fabtech/Documents/projects/acmbv/vendor/laravel/framework/src/Illuminate/Foundation/Http/Middleware/CheckForMaintenanceMode.php(63): Illuminate\\Pipeline\\Pipeline->Illuminate\\Pipeline\\{closure}(Object(Illuminate\\Http\\Request))
#44 /Users/fabtech/Documents/projects/acmbv/vendor/laravel/framework/src/Illuminate/Pipeline/Pipeline.php(167): Illuminate\\Foundation\\Http\\Middleware\\CheckForMaintenanceMode->handle(Object(Illuminate\\Http\\Request), Object(Closure))
#45 /Users/fabtech/Documents/projects/acmbv/vendor/fideloper/proxy/src/TrustProxies.php(57): Illuminate\\Pipeline\\Pipeline->Illuminate\\Pipeline\\{closure}(Object(Illuminate\\Http\\Request))
#46 /Users/fabtech/Documents/projects/acmbv/vendor/laravel/framework/src/Illuminate/Pipeline/Pipeline.php(167): Fideloper\\Proxy\\TrustProxies->handle(Object(Illuminate\\Http\\Request), Object(Closure))
#47 /Users/fabtech/Documents/projects/acmbv/vendor/laravel/framework/src/Illuminate/Pipeline/Pipeline.php(103): Illuminate\\Pipeline\\Pipeline->Illuminate\\Pipeline\\{closure}(Object(Illuminate\\Http\\Request))
#48 /Users/fabtech/Documents/projects/acmbv/vendor/laravel/framework/src/Illuminate/Foundation/Http/Kernel.php(140): Illuminate\\Pipeline\\Pipeline->then(Object(Closure))
#49 /Users/fabtech/Documents/projects/acmbv/vendor/laravel/framework/src/Illuminate/Foundation/Http/Kernel.php(109): Illuminate\\Foundation\\Http\\Kernel->sendRequestThroughRouter(Object(Illuminate\\Http\\Request))
#50 /Users/fabtech/Documents/projects/acmbv/public/index.php(55): Illuminate\\Foundation\\Http\\Kernel->handle(Object(Illuminate\\Http\\Request))
#51 /Users/fabtech/Documents/projects/acmbv/server.php(21): require_once('/Users/fabtech/...')
#52 {main}
"} 
[2026-04-19 09:56:07] local.ERROR: Undefined variable: sobreNos (View: /Users/fabtech/Documents/projects/acmbv/resources/views/site/home/_sobre.blade.php) (View: /Users/fabtech/Documents/projects/acmbv/resources/views/site/home/_sobre.blade.php) {"exception":"[object] (ErrorException(code: 0): Undefined variable: sobreNos (View: /Users/fabtech/Documents/projects/acmbv/resources/views/site/home/_sobre.blade.php) (View: /Users/fabtech/Documents/projects/acmbv/resources/views/site/home/_sobre.blade.php) at /Users/fabtech/Documents/projects/acmbv/storage/framework/views/852214117ce177108a675dd3b46ac8a25d50f756.php:3)
[stacktrace]
#0 /Users/fabtech/Documents/projects/acmbv/vendor/livewire/livewire/src/CompilerEngine.php(38): Illuminate\\View\\Engines\\CompilerEngine->handleViewException(Object(ErrorException), 1)
#1 /Users/fabtech/Documents/projects/acmbv/vendor/laravel/framework/src/Illuminate/View/Engines/PhpEngine.php(43): Livewire\\CompilerEngine->handleViewException(Object(ErrorException), 1)
#2 /Users/fabtech/Documents/projects/acmbv/vendor/livewire/livewire/src/LivewireViewCompilerEngine.php(32): Illuminate\\View\\Engines\\PhpEngine->evaluatePath('/Users/fabtech/...', Array)
#3 /Users/fabtech/Documents/projects/acmbv/vendor/laravel/framework/src/Illuminate/View/Engines/CompilerEngine.php(57): Livewire\\LivewireViewCompilerEngine->evaluatePath('/Users/fabtech/...', Array)
#4 /Users/fabtech/Documents/projects/acmbv/vendor/laravel/framework/src/Illuminate/View/View.php(139): Illuminate\\View\\Engines\\CompilerEngine->get('/Users/fabtech/...', Array)
#5 /Users/fabtech/Documents/projects/acmbv/vendor/laravel/framework/src/Illuminate/View/View.php(122): Illuminate\\View\\View->getContents()
#6 /Users/fabtech/Documents/projects/acmbv/vendor/laravel/framework/src/Illuminate/View/View.php(91): Illuminate\\View\\View->renderContents()
#7 /Users/fabtech/Documents/projects/acmbv/vendor/laravel/framework/src/Illuminate/Http/Response.php(62): Illuminate\\View\\View->render()
#8 /Users/fabtech/Documents/projects/acmbv/vendor/laravel/framework/src/Illuminate/Http/Response.php(34): Illuminate\\Http\\Response->setContent(Object(Illuminate\\View\\View))
#9 /Users/fabtech/Documents/projects/acmbv/vendor/laravel/framework/src/Illuminate/Routing/Router.php(759): Illuminate\\Http\\Response->__construct(Object(Illuminate\\View\\View), 200, Array)
#10 /Users/fabtech/Documents/projects/acmbv/vendor/laravel/framework/src/Illuminate/Routing/Router.php(731): Illuminate\\Routing\\Router::toResponse(Object(Illuminate\\Http\\Request), Object(Illuminate\\View\\View))
#11 /Users/fabtech/Documents/projects/acmbv/vendor/laravel/framework/src/Illuminate/Routing/Router.php(685): Illuminate\\Routing\\Router->prepareResponse(Object(Illuminate\\Http\\Request), Object(Illuminate\\View\\View))
#12 /Users/fabtech/Documents/projects/acmbv/vendor/laravel/framework/src/Illuminate/Pipeline/Pipeline.php(128): Illuminate\\Routing\\Router->Illuminate\\Routing\\{closure}(Object(Illuminate\\Http\\Request))
#13 /Users/fabtech/Documents/projects/acmbv/app/Http/Controllers/Site/Controller.php(45): Illuminate\\Pipeline\\Pipeline->Illuminate\\Pipeline\\{closure}(Object(Illuminate\\Http\\Request))
#14 /Users/fabtech/Documents/projects/acmbv/vendor/laravel/framework/src/Illuminate/Pipeline/Pipeline.php(149): App\\Http\\Controllers\\Site\\Controller->App\\Http\\Controllers\\Site\\{closure}(Object(Illuminate\\Http\\Request), Object(Closure))
#15 /Users/fabtech/Documents/projects/acmbv/app/Http/Middleware/LgpdAceiteMiddleware.php(32): Illuminate\\Pipeline\\Pipeline->Illuminate\\Pipeline\\{closure}(Object(Illuminate\\Http\\Request))
#16 /Users/fabtech/Documents/projects/acmbv/vendor/laravel/framework/src/Illuminate/Pipeline/Pipeline.php(167): App\\Http\\Middleware\\LgpdAceiteMiddleware->handle(Object(Illuminate\\Http\\Request), Object(Closure))
#17 /Users/fabtech/Documents/projects/acmbv/vendor/laravel/framework/src/Illuminate/Routing/Middleware/SubstituteBindings.php(41): Illuminate\\Pipeline\\Pipeline->Illuminate\\Pipeline\\{closure}(Object(Illuminate\\Http\\Request))
#18 /Users/fabtech/Documents/projects/acmbv/vendor/laravel/framework/src/Illuminate/Pipeline/Pipeline.php(167): Illuminate\\Routing\\Middleware\\SubstituteBindings->handle(Object(Illuminate\\Http\\Request), Object(Closure))
#19 /Users/fabtech/Documents/projects/acmbv/vendor/laravel/framework/src/Illuminate/Foundation/Http/Middleware/VerifyCsrfToken.php(77): Illuminate\\Pipeline\\Pipeline->Illuminate\\Pipeline\\{closure}(Object(Illuminate\\Http\\Request))
#20 /Users/fabtech/Documents/projects/acmbv/vendor/laravel/framework/src/Illuminate/Pipeline/Pipeline.php(167): Illuminate\\Foundation\\Http\\Middleware\\VerifyCsrfToken->handle(Object(Illuminate\\Http\\Request), Object(Closure))
#21 /Users/fabtech/Documents/projects/acmbv/vendor/laravel/framework/src/Illuminate/Session/Middleware/AuthenticateSession.php(39): Illuminate\\Pipeline\\Pipeline->Illuminate\\Pipeline\\{closure}(Object(Illuminate\\Http\\Request))
#22 /Users/fabtech/Documents/projects/acmbv/vendor/laravel/framework/src/Illuminate/Pipeline/Pipeline.php(167): Illuminate\\Session\\Middleware\\AuthenticateSession->handle(Object(Illuminate\\Http\\Request), Object(Closure))
#23 /Users/fabtech/Documents/projects/acmbv/vendor/laravel/framework/src/Illuminate/View/Middleware/ShareErrorsFromSession.php(49): Illuminate\\Pipeline\\Pipeline->Illuminate\\Pipeline\\{closure}(Object(Illuminate\\Http\\Request))
#24 /Users/fabtech/Documents/projects/acmbv/vendor/laravel/framework/src/Illuminate/Pipeline/Pipeline.php(167): Illuminate\\View\\Middleware\\ShareErrorsFromSession->handle(Object(Illuminate\\Http\\Request), Object(Closure))
#25 /Users/fabtech/Documents/projects/acmbv/vendor/laravel/framework/src/Illuminate/Session/Middleware/StartSession.php(116): Illuminate\\Pipeline\\Pipeline->Illuminate\\Pipeline\\{closure}(Object(Illuminate\\Http\\Request))
#26 /Users/fabtech/Documents/projects/acmbv/vendor/laravel/framework/src/Illuminate/Session/Middleware/StartSession.php(62): Illuminate\\Session\\Middleware\\StartSession->handleStatefulRequest(Object(Illuminate\\Http\\Request), Object(Illuminate\\Session\\Store), Object(Closure))
#27 /Users/fabtech/Documents/projects/acmbv/vendor/laravel/framework/src/Illuminate/Pipeline/Pipeline.php(167): Illuminate\\Session\\Middleware\\StartSession->handle(Object(Illuminate\\Http\\Request), Object(Closure))
#28 /Users/fabtech/Documents/projects/acmbv/vendor/laravel/framework/src/Illuminate/Cookie/Middleware/AddQueuedCookiesToResponse.php(37): Illuminate\\Pipeline\\Pipeline->Illuminate\\Pipeline\\{closure}(Object(Illuminate\\Http\\Request))
#29 /Users/fabtech/Documents/projects/acmbv/vendor/laravel/framework/src/Illuminate/Pipeline/Pipeline.php(167): Illuminate\\Cookie\\Middleware\\AddQueuedCookiesToResponse->handle(Object(Illuminate\\Http\\Request), Object(Closure))
#30 /Users/fabtech/Documents/projects/acmbv/vendor/laravel/framework/src/Illuminate/Cookie/Middleware/EncryptCookies.php(67): Illuminate\\Pipeline\\Pipeline->Illuminate\\Pipeline\\{closure}(Object(Illuminate\\Http\\Request))
#31 /Users/fabtech/Documents/projects/acmbv/vendor/laravel/framework/src/Illuminate/Pipeline/Pipeline.php(167): Illuminate\\Cookie\\Middleware\\EncryptCookies->handle(Object(Illuminate\\Http\\Request), Object(Closure))
#32 /Users/fabtech/Documents/projects/acmbv/vendor/laravel/framework/src/Illuminate/Pipeline/Pipeline.php(103): Illuminate\\Pipeline\\Pipeline->Illuminate\\Pipeline\\{closure}(Object(Illuminate\\Http\\Request))
#33 /Users/fabtech/Documents/projects/acmbv/vendor/laravel/framework/src/Illuminate/Routing/Router.php(687): Illuminate\\Pipeline\\Pipeline->then(Object(Closure))
#34 /Users/fabtech/Documents/projects/acmbv/vendor/laravel/framework/src/Illuminate/Routing/Router.php(662): Illuminate\\Routing\\Router->runRouteWithinStack(Object(Illuminate\\Routing\\Route), Object(Illuminate\\Http\\Request))
#35 /Users/fabtech/Documents/projects/acmbv/vendor/laravel/framework/src/Illuminate/Routing/Router.php(628): Illuminate\\Routing\\Router->runRoute(Object(Illuminate\\Http\\Request), Object(Illuminate\\Routing\\Route))
#36 /Users/fabtech/Documents/projects/acmbv/vendor/laravel/framework/src/Illuminate/Routing/Router.php(617): Illuminate\\Routing\\Router->dispatchToRoute(Object(Illuminate\\Http\\Request))
#37 /Users/fabtech/Documents/projects/acmbv/vendor/laravel/framework/src/Illuminate/Foundation/Http/Kernel.php(165): Illuminate\\Routing\\Router->dispatch(Object(Illuminate\\Http\\Request))
#38 /Users/fabtech/Documents/projects/acmbv/vendor/laravel/framework/src/Illuminate/Pipeline/Pipeline.php(128): Illuminate\\Foundation\\Http\\Kernel->Illuminate\\Foundation\\Http\\{closure}(Object(Illuminate\\Http\\Request))
#39 /Users/fabtech/Documents/projects/acmbv/vendor/fruitcake/laravel-cors/src/HandleCors.php(37): Illuminate\\Pipeline\\Pipeline->Illuminate\\Pipeline\\{closure}(Object(Illuminate\\Http\\Request))
#40 /Users/fabtech/Documents/projects/acmbv/vendor/laravel/framework/src/Illuminate/Pipeline/Pipeline.php(167): Fruitcake\\Cors\\HandleCors->handle(Object(Illuminate\\Http\\Request), Object(Closure))
#41 /Users/fabtech/Documents/projects/acmbv/vendor/laravel/framework/src/Illuminate/Foundation/Http/Middleware/TransformsRequest.php(21): Illuminate\\Pipeline\\Pipeline->Illuminate\\Pipeline\\{closure}(Object(Illuminate\\Http\\Request))
#42 /Users/fabtech/Documents/projects/acmbv/vendor/laravel/framework/src/Illuminate/Pipeline/Pipeline.php(167): Illuminate\\Foundation\\Http\\Middleware\\TransformsRequest->handle(Object(Illuminate\\Http\\Request), Object(Closure))
#43 /Users/fabtech/Documents/projects/acmbv/vendor/laravel/framework/src/Illuminate/Foundation/Http/Middleware/TransformsRequest.php(21): Illuminate\\Pipeline\\Pipeline->Illuminate\\Pipeline\\{closure}(Object(Illuminate\\Http\\Request))
#44 /Users/fabtech/Documents/projects/acmbv/vendor/laravel/framework/src/Illuminate/Pipeline/Pipeline.php(167): Illuminate\\Foundation\\Http\\Middleware\\TransformsRequest->handle(Object(Illuminate\\Http\\Request), Object(Closure))
#45 /Users/fabtech/Documents/projects/acmbv/vendor/laravel/framework/src/Illuminate/Foundation/Http/Middleware/ValidatePostSize.php(27): Illuminate\\Pipeline\\Pipeline->Illuminate\\Pipeline\\{closure}(Object(Illuminate\\Http\\Request))
#46 /Users/fabtech/Documents/projects/acmbv/vendor/laravel/framework/src/Illuminate/Pipeline/Pipeline.php(167): Illuminate\\Foundation\\Http\\Middleware\\ValidatePostSize->handle(Object(Illuminate\\Http\\Request), Object(Closure))
#47 /Users/fabtech/Documents/projects/acmbv/vendor/laravel/framework/src/Illuminate/Foundation/Http/Middleware/CheckForMaintenanceMode.php(63): Illuminate\\Pipeline\\Pipeline->Illuminate\\Pipeline\\{closure}(Object(Illuminate\\Http\\Request))
#48 /Users/fabtech/Documents/projects/acmbv/vendor/laravel/framework/src/Illuminate/Pipeline/Pipeline.php(167): Illuminate\\Foundation\\Http\\Middleware\\CheckForMaintenanceMode->handle(Object(Illuminate\\Http\\Request), Object(Closure))
#49 /Users/fabtech/Documents/projects/acmbv/vendor/fideloper/proxy/src/TrustProxies.php(57): Illuminate\\Pipeline\\Pipeline->Illuminate\\Pipeline\\{closure}(Object(Illuminate\\Http\\Request))
#50 /Users/fabtech/Documents/projects/acmbv/vendor/laravel/framework/src/Illuminate/Pipeline/Pipeline.php(167): Fideloper\\Proxy\\TrustProxies->handle(Object(Illuminate\\Http\\Request), Object(Closure))
#51 /Users/fabtech/Documents/projects/acmbv/vendor/laravel/framework/src/Illuminate/Pipeline/Pipeline.php(103): Illuminate\\Pipeline\\Pipeline->Illuminate\\Pipeline\\{closure}(Object(Illuminate\\Http\\Request))
#52 /Users/fabtech/Documents/projects/acmbv/vendor/laravel/framework/src/Illuminate/Foundation/Http/Kernel.php(140): Illuminate\\Pipeline\\Pipeline->then(Object(Closure))
#53 /Users/fabtech/Documents/projects/acmbv/vendor/laravel/framework/src/Illuminate/Foundation/Http/Kernel.php(109): Illuminate\\Foundation\\Http\\Kernel->sendRequestThroughRouter(Object(Illuminate\\Http\\Request))
#54 /Users/fabtech/Documents/projects/acmbv/public/index.php(55): Illuminate\\Foundation\\Http\\Kernel->handle(Object(Illuminate\\Http\\Request))
#55 /Users/fabtech/Documents/projects/acmbv/server.php(21): require_once('/Users/fabtech/...')
#56 {main}

[previous exception] [object] (ErrorException(code: 0): Undefined variable: sobreNos (View: /Users/fabtech/Documents/projects/acmbv/resources/views/site/home/_sobre.blade.php) at /Users/fabtech/Documents/projects/acmbv/storage/framework/views/852214117ce177108a675dd3b46ac8a25d50f756.php:3)
[stacktrace]
#0 /Users/fabtech/Documents/projects/acmbv/vendor/livewire/livewire/src/CompilerEngine.php(38): Illuminate\\View\\Engines\\CompilerEngine->handleViewException(Object(ErrorException), 3)
#1 /Users/fabtech/Documents/projects/acmbv/vendor/laravel/framework/src/Illuminate/View/Engines/PhpEngine.php(43): Livewire\\CompilerEngine->handleViewException(Object(ErrorException), 3)
#2 /Users/fabtech/Documents/projects/acmbv/vendor/livewire/livewire/src/LivewireViewCompilerEngine.php(32): Illuminate\\View\\Engines\\PhpEngine->evaluatePath('/Users/fabtech/...', Array)
#3 /Users/fabtech/Documents/projects/acmbv/vendor/laravel/framework/src/Illuminate/View/Engines/CompilerEngine.php(57): Livewire\\LivewireViewCompilerEngine->evaluatePath('/Users/fabtech/...', Array)
#4 /Users/fabtech/Documents/projects/acmbv/vendor/laravel/framework/src/Illuminate/View/View.php(139): Illuminate\\View\\Engines\\CompilerEngine->get('/Users/fabtech/...', Array)
#5 /Users/fabtech/Documents/projects/acmbv/vendor/laravel/framework/src/Illuminate/View/View.php(122): Illuminate\\View\\View->getContents()
#6 /Users/fabtech/Documents/projects/acmbv/vendor/laravel/framework/src/Illuminate/View/View.php(91): Illuminate\\View\\View->renderContents()
#7 /Users/fabtech/Documents/projects/acmbv/storage/framework/views/798250a606a89e5a4509f6a1a43cdad88f1292ce.php(15): Illuminate\\View\\View->render()
#8 /Users/fabtech/Documents/projects/acmbv/vendor/laravel/framework/src/Illuminate/View/Engines/PhpEngine.php(41): include('/Users/fabtech/...')
#9 /Users/fabtech/Documents/projects/acmbv/vendor/livewire/livewire/src/LivewireViewCompilerEngine.php(32): Illuminate\\View\\Engines\\PhpEngine->evaluatePath('/Users/fabtech/...', Array)
#10 /Users/fabtech/Documents/projects/acmbv/vendor/laravel/framework/src/Illuminate/View/Engines/CompilerEngine.php(57): Livewire\\LivewireViewCompilerEngine->evaluatePath('/Users/fabtech/...', Array)
#11 /Users/fabtech/Documents/projects/acmbv/vendor/laravel/framework/src/Illuminate/View/View.php(139): Illuminate\\View\\Engines\\CompilerEngine->get('/Users/fabtech/...', Array)
#12 /Users/fabtech/Documents/projects/acmbv/vendor/laravel/framework/src/Illuminate/View/View.php(122): Illuminate\\View\\View->getContents()
#13 /Users/fabtech/Documents/projects/acmbv/vendor/laravel/framework/src/Illuminate/View/View.php(91): Illuminate\\View\\View->renderContents()
#14 /Users/fabtech/Documents/projects/acmbv/vendor/laravel/framework/src/Illuminate/Http/Response.php(62): Illuminate\\View\\View->render()
#15 /Users/fabtech/Documents/projects/acmbv/vendor/laravel/framework/src/Illuminate/Http/Response.php(34): Illuminate\\Http\\Response->setContent(Object(Illuminate\\View\\View))
#16 /Users/fabtech/Documents/projects/acmbv/vendor/laravel/framework/src/Illuminate/Routing/Router.php(759): Illuminate\\Http\\Response->__construct(Object(Illuminate\\View\\View), 200, Array)
#17 /Users/fabtech/Documents/projects/acmbv/vendor/laravel/framework/src/Illuminate/Routing/Router.php(731): Illuminate\\Routing\\Router::toResponse(Object(Illuminate\\Http\\Request), Object(Illuminate\\View\\View))
#18 /Users/fabtech/Documents/projects/acmbv/vendor/laravel/framework/src/Illuminate/Routing/Router.php(685): Illuminate\\Routing\\Router->prepareResponse(Object(Illuminate\\Http\\Request), Object(Illuminate\\View\\View))
#19 /Users/fabtech/Documents/projects/acmbv/vendor/laravel/framework/src/Illuminate/Pipeline/Pipeline.php(128): Illuminate\\Routing\\Router->Illuminate\\Routing\\{closure}(Object(Illuminate\\Http\\Request))
#20 /Users/fabtech/Documents/projects/acmbv/app/Http/Controllers/Site/Controller.php(45): Illuminate\\Pipeline\\Pipeline->Illuminate\\Pipeline\\{closure}(Object(Illuminate\\Http\\Request))
#21 /Users/fabtech/Documents/projects/acmbv/vendor/laravel/framework/src/Illuminate/Pipeline/Pipeline.php(149): App\\Http\\Controllers\\Site\\Controller->App\\Http\\Controllers\\Site\\{closure}(Object(Illuminate\\Http\\Request), Object(Closure))
#22 /Users/fabtech/Documents/projects/acmbv/app/Http/Middleware/LgpdAceiteMiddleware.php(32): Illuminate\\Pipeline\\Pipeline->Illuminate\\Pipeline\\{closure}(Object(Illuminate\\Http\\Request))
#23 /Users/fabtech/Documents/projects/acmbv/vendor/laravel/framework/src/Illuminate/Pipeline/Pipeline.php(167): App\\Http\\Middleware\\LgpdAceiteMiddleware->handle(Object(Illuminate\\Http\\Request), Object(Closure))
#24 /Users/fabtech/Documents/projects/acmbv/vendor/laravel/framework/src/Illuminate/Routing/Middleware/SubstituteBindings.php(41): Illuminate\\Pipeline\\Pipeline->Illuminate\\Pipeline\\{closure}(Object(Illuminate\\Http\\Request))
#25 /Users/fabtech/Documents/projects/acmbv/vendor/laravel/framework/src/Illuminate/Pipeline/Pipeline.php(167): Illuminate\\Routing\\Middleware\\SubstituteBindings->handle(Object(Illuminate\\Http\\Request), Object(Closure))
#26 /Users/fabtech/Documents/projects/acmbv/vendor/laravel/framework/src/Illuminate/Foundation/Http/Middleware/VerifyCsrfToken.php(77): Illuminate\\Pipeline\\Pipeline->Illuminate\\Pipeline\\{closure}(Object(Illuminate\\Http\\Request))
#27 /Users/fabtech/Documents/projects/acmbv/vendor/laravel/framework/src/Illuminate/Pipeline/Pipeline.php(167): Illuminate\\Foundation\\Http\\Middleware\\VerifyCsrfToken->handle(Object(Illuminate\\Http\\Request), Object(Closure))
#28 /Users/fabtech/Documents/projects/acmbv/vendor/laravel/framework/src/Illuminate/Session/Middleware/AuthenticateSession.php(39): Illuminate\\Pipeline\\Pipeline->Illuminate\\Pipeline\\{closure}(Object(Illuminate\\Http\\Request))
#29 /Users/fabtech/Documents/projects/acmbv/vendor/laravel/framework/src/Illuminate/Pipeline/Pipeline.php(167): Illuminate\\Session\\Middleware\\AuthenticateSession->handle(Object(Illuminate\\Http\\Request), Object(Closure))
#30 /Users/fabtech/Documents/projects/acmbv/vendor/laravel/framework/src/Illuminate/View/Middleware/ShareErrorsFromSession.php(49): Illuminate\\Pipeline\\Pipeline->Illuminate\\Pipeline\\{closure}(Object(Illuminate\\Http\\Request))
#31 /Users/fabtech/Documents/projects/acmbv/vendor/laravel/framework/src/Illuminate/Pipeline/Pipeline.php(167): Illuminate\\View\\Middleware\\ShareErrorsFromSession->handle(Object(Illuminate\\Http\\Request), Object(Closure))
#32 /Users/fabtech/Documents/projects/acmbv/vendor/laravel/framework/src/Illuminate/Session/Middleware/StartSession.php(116): Illuminate\\Pipeline\\Pipeline->Illuminate\\Pipeline\\{closure}(Object(Illuminate\\Http\\Request))
#33 /Users/fabtech/Documents/projects/acmbv/vendor/laravel/framework/src/Illuminate/Session/Middleware/StartSession.php(62): Illuminate\\Session\\Middleware\\StartSession->handleStatefulRequest(Object(Illuminate\\Http\\Request), Object(Illuminate\\Session\\Store), Object(Closure))
#34 /Users/fabtech/Documents/projects/acmbv/vendor/laravel/framework/src/Illuminate/Pipeline/Pipeline.php(167): Illuminate\\Session\\Middleware\\StartSession->handle(Object(Illuminate\\Http\\Request), Object(Closure))
#35 /Users/fabtech/Documents/projects/acmbv/vendor/laravel/framework/src/Illuminate/Cookie/Middleware/AddQueuedCookiesToResponse.php(37): Illuminate\\Pipeline\\Pipeline->Illuminate\\Pipeline\\{closure}(Object(Illuminate\\Http\\Request))
#36 /Users/fabtech/Documents/projects/acmbv/vendor/laravel/framework/src/Illuminate/Pipeline/Pipeline.php(167): Illuminate\\Cookie\\Middleware\\AddQueuedCookiesToResponse->handle(Object(Illuminate\\Http\\Request), Object(Closure))
#37 /Users/fabtech/Documents/projects/acmbv/vendor/laravel/framework/src/Illuminate/Cookie/Middleware/EncryptCookies.php(67): Illuminate\\Pipeline\\Pipeline->Illuminate\\Pipeline\\{closure}(Object(Illuminate\\Http\\Request))
#38 /Users/fabtech/Documents/projects/acmbv/vendor/laravel/framework/src/Illuminate/Pipeline/Pipeline.php(167): Illuminate\\Cookie\\Middleware\\EncryptCookies->handle(Object(Illuminate\\Http\\Request), Object(Closure))
#39 /Users/fabtech/Documents/projects/acmbv/vendor/laravel/framework/src/Illuminate/Pipeline/Pipeline.php(103): Illuminate\\Pipeline\\Pipeline->Illuminate\\Pipeline\\{closure}(Object(Illuminate\\Http\\Request))
#40 /Users/fabtech/Documents/projects/acmbv/vendor/laravel/framework/src/Illuminate/Routing/Router.php(687): Illuminate\\Pipeline\\Pipeline->then(Object(Closure))
#41 /Users/fabtech/Documents/projects/acmbv/vendor/laravel/framework/src/Illuminate/Routing/Router.php(662): Illuminate\\Routing\\Router->runRouteWithinStack(Object(Illuminate\\Routing\\Route), Object(Illuminate\\Http\\Request))
#42 /Users/fabtech/Documents/projects/acmbv/vendor/laravel/framework/src/Illuminate/Routing/Router.php(628): Illuminate\\Routing\\Router->runRoute(Object(Illuminate\\Http\\Request), Object(Illuminate\\Routing\\Route))
#43 /Users/fabtech/Documents/projects/acmbv/vendor/laravel/framework/src/Illuminate/Routing/Router.php(617): Illuminate\\Routing\\Router->dispatchToRoute(Object(Illuminate\\Http\\Request))
#44 /Users/fabtech/Documents/projects/acmbv/vendor/laravel/framework/src/Illuminate/Foundation/Http/Kernel.php(165): Illuminate\\Routing\\Router->dispatch(Object(Illuminate\\Http\\Request))
#45 /Users/fabtech/Documents/projects/acmbv/vendor/laravel/framework/src/Illuminate/Pipeline/Pipeline.php(128): Illuminate\\Foundation\\Http\\Kernel->Illuminate\\Foundation\\Http\\{closure}(Object(Illuminate\\Http\\Request))
#46 /Users/fabtech/Documents/projects/acmbv/vendor/fruitcake/laravel-cors/src/HandleCors.php(37): Illuminate\\Pipeline\\Pipeline->Illuminate\\Pipeline\\{closure}(Object(Illuminate\\Http\\Request))
#47 /Users/fabtech/Documents/projects/acmbv/vendor/laravel/framework/src/Illuminate/Pipeline/Pipeline.php(167): Fruitcake\\Cors\\HandleCors->handle(Object(Illuminate\\Http\\Request), Object(Closure))
#48 /Users/fabtech/Documents/projects/acmbv/vendor/laravel/framework/src/Illuminate/Foundation/Http/Middleware/TransformsRequest.php(21): Illuminate\\Pipeline\\Pipeline->Illuminate\\Pipeline\\{closure}(Object(Illuminate\\Http\\Request))
#49 /Users/fabtech/Documents/projects/acmbv/vendor/laravel/framework/src/Illuminate/Pipeline/Pipeline.php(167): Illuminate\\Foundation\\Http\\Middleware\\TransformsRequest->handle(Object(Illuminate\\Http\\Request), Object(Closure))
#50 /Users/fabtech/Documents/projects/acmbv/vendor/laravel/framework/src/Illuminate/Foundation/Http/Middleware/TransformsRequest.php(21): Illuminate\\Pipeline\\Pipeline->Illuminate\\Pipeline\\{closure}(Object(Illuminate\\Http\\Request))
#51 /Users/fabtech/Documents/projects/acmbv/vendor/laravel/framework/src/Illuminate/Pipeline/Pipeline.php(167): Illuminate\\Foundation\\Http\\Middleware\\TransformsRequest->handle(Object(Illuminate\\Http\\Request), Object(Closure))
#52 /Users/fabtech/Documents/projects/acmbv/vendor/laravel/framework/src/Illuminate/Foundation/Http/Middleware/ValidatePostSize.php(27): Illuminate\\Pipeline\\Pipeline->Illuminate\\Pipeline\\{closure}(Object(Illuminate\\Http\\Request))
#53 /Users/fabtech/Documents/projects/acmbv/vendor/laravel/framework/src/Illuminate/Pipeline/Pipeline.php(167): Illuminate\\Foundation\\Http\\Middleware\\ValidatePostSize->handle(Object(Illuminate\\Http\\Request), Object(Closure))
#54 /Users/fabtech/Documents/projects/acmbv/vendor/laravel/framework/src/Illuminate/Foundation/Http/Middleware/CheckForMaintenanceMode.php(63): Illuminate\\Pipeline\\Pipeline->Illuminate\\Pipeline\\{closure}(Object(Illuminate\\Http\\Request))
#55 /Users/fabtech/Documents/projects/acmbv/vendor/laravel/framework/src/Illuminate/Pipeline/Pipeline.php(167): Illuminate\\Foundation\\Http\\Middleware\\CheckForMaintenanceMode->handle(Object(Illuminate\\Http\\Request), Object(Closure))
#56 /Users/fabtech/Documents/projects/acmbv/vendor/fideloper/proxy/src/TrustProxies.php(57): Illuminate\\Pipeline\\Pipeline->Illuminate\\Pipeline\\{closure}(Object(Illuminate\\Http\\Request))
#57 /Users/fabtech/Documents/projects/acmbv/vendor/laravel/framework/src/Illuminate/Pipeline/Pipeline.php(167): Fideloper\\Proxy\\TrustProxies->handle(Object(Illuminate\\Http\\Request), Object(Closure))
#58 /Users/fabtech/Documents/projects/acmbv/vendor/laravel/framework/src/Illuminate/Pipeline/Pipeline.php(103): Illuminate\\Pipeline\\Pipeline->Illuminate\\Pipeline\\{closure}(Object(Illuminate\\Http\\Request))
#59 /Users/fabtech/Documents/projects/acmbv/vendor/laravel/framework/src/Illuminate/Foundation/Http/Kernel.php(140): Illuminate\\Pipeline\\Pipeline->then(Object(Closure))
#60 /Users/fabtech/Documents/projects/acmbv/vendor/laravel/framework/src/Illuminate/Foundation/Http/Kernel.php(109): Illuminate\\Foundation\\Http\\Kernel->sendRequestThroughRouter(Object(Illuminate\\Http\\Request))
#61 /Users/fabtech/Documents/projects/acmbv/public/index.php(55): Illuminate\\Foundation\\Http\\Kernel->handle(Object(Illuminate\\Http\\Request))
#62 /Users/fabtech/Documents/projects/acmbv/server.php(21): require_once('/Users/fabtech/...')
#63 {main}

[previous exception] [object] (ErrorException(code: 0): Undefined variable: sobreNos at /Users/fabtech/Documents/projects/acmbv/storage/framework/views/852214117ce177108a675dd3b46ac8a25d50f756.php:3)
[stacktrace]
#0 /Users/fabtech/Documents/projects/acmbv/storage/framework/views/852214117ce177108a675dd3b46ac8a25d50f756.php(3): Illuminate\\Foundation\\Bootstrap\\HandleExceptions->handleError(8, 'Undefined varia...', '/Users/fabtech/...', 3, Array)
#1 /Users/fabtech/Documents/projects/acmbv/vendor/laravel/framework/src/Illuminate/View/Engines/PhpEngine.php(41): include('/Users/fabtech/...')
#2 /Users/fabtech/Documents/projects/acmbv/vendor/livewire/livewire/src/LivewireViewCompilerEngine.php(32): Illuminate\\View\\Engines\\PhpEngine->evaluatePath('/Users/fabtech/...', Array)
#3 /Users/fabtech/Documents/projects/acmbv/vendor/laravel/framework/src/Illuminate/View/Engines/CompilerEngine.php(57): Livewire\\LivewireViewCompilerEngine->evaluatePath('/Users/fabtech/...', Array)
#4 /Users/fabtech/Documents/projects/acmbv/vendor/laravel/framework/src/Illuminate/View/View.php(139): Illuminate\\View\\Engines\\CompilerEngine->get('/Users/fabtech/...', Array)
#5 /Users/fabtech/Documents/projects/acmbv/vendor/laravel/framework/src/Illuminate/View/View.php(122): Illuminate\\View\\View->getContents()
#6 /Users/fabtech/Documents/projects/acmbv/vendor/laravel/framework/src/Illuminate/View/View.php(91): Illuminate\\View\\View->renderContents()
#7 /Users/fabtech/Documents/projects/acmbv/storage/framework/views/798250a606a89e5a4509f6a1a43cdad88f1292ce.php(15): Illuminate\\View\\View->render()
#8 /Users/fabtech/Documents/projects/acmbv/vendor/laravel/framework/src/Illuminate/View/Engines/PhpEngine.php(41): include('/Users/fabtech/...')
#9 /Users/fabtech/Documents/projects/acmbv/vendor/livewire/livewire/src/LivewireViewCompilerEngine.php(32): Illuminate\\View\\Engines\\PhpEngine->evaluatePath('/Users/fabtech/...', Array)
#10 /Users/fabtech/Documents/projects/acmbv/vendor/laravel/framework/src/Illuminate/View/Engines/CompilerEngine.php(57): Livewire\\LivewireViewCompilerEngine->evaluatePath('/Users/fabtech/...', Array)
#11 /Users/fabtech/Documents/projects/acmbv/vendor/laravel/framework/src/Illuminate/View/View.php(139): Illuminate\\View\\Engines\\CompilerEngine->get('/Users/fabtech/...', Array)
#12 /Users/fabtech/Documents/projects/acmbv/vendor/laravel/framework/src/Illuminate/View/View.php(122): Illuminate\\View\\View->getContents()
#13 /Users/fabtech/Documents/projects/acmbv/vendor/laravel/framework/src/Illuminate/View/View.php(91): Illuminate\\View\\View->renderContents()
#14 /Users/fabtech/Documents/projects/acmbv/vendor/laravel/framework/src/Illuminate/Http/Response.php(62): Illuminate\\View\\View->render()
#15 /Users/fabtech/Documents/projects/acmbv/vendor/laravel/framework/src/Illuminate/Http/Response.php(34): Illuminate\\Http\\Response->setContent(Object(Illuminate\\View\\View))
#16 /Users/fabtech/Documents/projects/acmbv/vendor/laravel/framework/src/Illuminate/Routing/Router.php(759): Illuminate\\Http\\Response->__construct(Object(Illuminate\\View\\View), 200, Array)
#17 /Users/fabtech/Documents/projects/acmbv/vendor/laravel/framework/src/Illuminate/Routing/Router.php(731): Illuminate\\Routing\\Router::toResponse(Object(Illuminate\\Http\\Request), Object(Illuminate\\View\\View))
#18 /Users/fabtech/Documents/projects/acmbv/vendor/laravel/framework/src/Illuminate/Routing/Router.php(685): Illuminate\\Routing\\Router->prepareResponse(Object(Illuminate\\Http\\Request), Object(Illuminate\\View\\View))
#19 /Users/fabtech/Documents/projects/acmbv/vendor/laravel/framework/src/Illuminate/Pipeline/Pipeline.php(128): Illuminate\\Routing\\Router->Illuminate\\Routing\\{closure}(Object(Illuminate\\Http\\Request))
#20 /Users/fabtech/Documents/projects/acmbv/app/Http/Controllers/Site/Controller.php(45): Illuminate\\Pipeline\\Pipeline->Illuminate\\Pipeline\\{closure}(Object(Illuminate\\Http\\Request))
#21 /Users/fabtech/Documents/projects/acmbv/vendor/laravel/framework/src/Illuminate/Pipeline/Pipeline.php(149): App\\Http\\Controllers\\Site\\Controller->App\\Http\\Controllers\\Site\\{closure}(Object(Illuminate\\Http\\Request), Object(Closure))
#22 /Users/fabtech/Documents/projects/acmbv/app/Http/Middleware/LgpdAceiteMiddleware.php(32): Illuminate\\Pipeline\\Pipeline->Illuminate\\Pipeline\\{closure}(Object(Illuminate\\Http\\Request))
#23 /Users/fabtech/Documents/projects/acmbv/vendor/laravel/framework/src/Illuminate/Pipeline/Pipeline.php(167): App\\Http\\Middleware\\LgpdAceiteMiddleware->handle(Object(Illuminate\\Http\\Request), Object(Closure))
#24 /Users/fabtech/Documents/projects/acmbv/vendor/laravel/framework/src/Illuminate/Routing/Middleware/SubstituteBindings.php(41): Illuminate\\Pipeline\\Pipeline->Illuminate\\Pipeline\\{closure}(Object(Illuminate\\Http\\Request))
#25 /Users/fabtech/Documents/projects/acmbv/vendor/laravel/framework/src/Illuminate/Pipeline/Pipeline.php(167): Illuminate\\Routing\\Middleware\\SubstituteBindings->handle(Object(Illuminate\\Http\\Request), Object(Closure))
#26 /Users/fabtech/Documents/projects/acmbv/vendor/laravel/framework/src/Illuminate/Foundation/Http/Middleware/VerifyCsrfToken.php(77): Illuminate\\Pipeline\\Pipeline->Illuminate\\Pipeline\\{closure}(Object(Illuminate\\Http\\Request))
#27 /Users/fabtech/Documents/projects/acmbv/vendor/laravel/framework/src/Illuminate/Pipeline/Pipeline.php(167): Illuminate\\Foundation\\Http\\Middleware\\VerifyCsrfToken->handle(Object(Illuminate\\Http\\Request), Object(Closure))
#28 /Users/fabtech/Documents/projects/acmbv/vendor/laravel/framework/src/Illuminate/Session/Middleware/AuthenticateSession.php(39): Illuminate\\Pipeline\\Pipeline->Illuminate\\Pipeline\\{closure}(Object(Illuminate\\Http\\Request))
#29 /Users/fabtech/Documents/projects/acmbv/vendor/laravel/framework/src/Illuminate/Pipeline/Pipeline.php(167): Illuminate\\Session\\Middleware\\AuthenticateSession->handle(Object(Illuminate\\Http\\Request), Object(Closure))
#30 /Users/fabtech/Documents/projects/acmbv/vendor/laravel/framework/src/Illuminate/View/Middleware/ShareErrorsFromSession.php(49): Illuminate\\Pipeline\\Pipeline->Illuminate\\Pipeline\\{closure}(Object(Illuminate\\Http\\Request))
#31 /Users/fabtech/Documents/projects/acmbv/vendor/laravel/framework/src/Illuminate/Pipeline/Pipeline.php(167): Illuminate\\View\\Middleware\\ShareErrorsFromSession->handle(Object(Illuminate\\Http\\Request), Object(Closure))
#32 /Users/fabtech/Documents/projects/acmbv/vendor/laravel/framework/src/Illuminate/Session/Middleware/StartSession.php(116): Illuminate\\Pipeline\\Pipeline->Illuminate\\Pipeline\\{closure}(Object(Illuminate\\Http\\Request))
#33 /Users/fabtech/Documents/projects/acmbv/vendor/laravel/framework/src/Illuminate/Session/Middleware/StartSession.php(62): Illuminate\\Session\\Middleware\\StartSession->handleStatefulRequest(Object(Illuminate\\Http\\Request), Object(Illuminate\\Session\\Store), Object(Closure))
#34 /Users/fabtech/Documents/projects/acmbv/vendor/laravel/framework/src/Illuminate/Pipeline/Pipeline.php(167): Illuminate\\Session\\Middleware\\StartSession->handle(Object(Illuminate\\Http\\Request), Object(Closure))
#35 /Users/fabtech/Documents/projects/acmbv/vendor/laravel/framework/src/Illuminate/Cookie/Middleware/AddQueuedCookiesToResponse.php(37): Illuminate\\Pipeline\\Pipeline->Illuminate\\Pipeline\\{closure}(Object(Illuminate\\Http\\Request))
#36 /Users/fabtech/Documents/projects/acmbv/vendor/laravel/framework/src/Illuminate/Pipeline/Pipeline.php(167): Illuminate\\Cookie\\Middleware\\AddQueuedCookiesToResponse->handle(Object(Illuminate\\Http\\Request), Object(Closure))
#37 /Users/fabtech/Documents/projects/acmbv/vendor/laravel/framework/src/Illuminate/Cookie/Middleware/EncryptCookies.php(67): Illuminate\\Pipeline\\Pipeline->Illuminate\\Pipeline\\{closure}(Object(Illuminate\\Http\\Request))
#38 /Users/fabtech/Documents/projects/acmbv/vendor/laravel/framework/src/Illuminate/Pipeline/Pipeline.php(167): Illuminate\\Cookie\\Middleware\\EncryptCookies->handle(Object(Illuminate\\Http\\Request), Object(Closure))
#39 /Users/fabtech/Documents/projects/acmbv/vendor/laravel/framework/src/Illuminate/Pipeline/Pipeline.php(103): Illuminate\\Pipeline\\Pipeline->Illuminate\\Pipeline\\{closure}(Object(Illuminate\\Http\\Request))
#40 /Users/fabtech/Documents/projects/acmbv/vendor/laravel/framework/src/Illuminate/Routing/Router.php(687): Illuminate\\Pipeline\\Pipeline->then(Object(Closure))
#41 /Users/fabtech/Documents/projects/acmbv/vendor/laravel/framework/src/Illuminate/Routing/Router.php(662): Illuminate\\Routing\\Router->runRouteWithinStack(Object(Illuminate\\Routing\\Route), Object(Illuminate\\Http\\Request))
#42 /Users/fabtech/Documents/projects/acmbv/vendor/laravel/framework/src/Illuminate/Routing/Router.php(628): Illuminate\\Routing\\Router->runRoute(Object(Illuminate\\Http\\Request), Object(Illuminate\\Routing\\Route))
#43 /Users/fabtech/Documents/projects/acmbv/vendor/laravel/framework/src/Illuminate/Routing/Router.php(617): Illuminate\\Routing\\Router->dispatchToRoute(Object(Illuminate\\Http\\Request))
#44 /Users/fabtech/Documents/projects/acmbv/vendor/laravel/framework/src/Illuminate/Foundation/Http/Kernel.php(165): Illuminate\\Routing\\Router->dispatch(Object(Illuminate\\Http\\Request))
#45 /Users/fabtech/Documents/projects/acmbv/vendor/laravel/framework/src/Illuminate/Pipeline/Pipeline.php(128): Illuminate\\Foundation\\Http\\Kernel->Illuminate\\Foundation\\Http\\{closure}(Object(Illuminate\\Http\\Request))
#46 /Users/fabtech/Documents/projects/acmbv/vendor/fruitcake/laravel-cors/src/HandleCors.php(37): Illuminate\\Pipeline\\Pipeline->Illuminate\\Pipeline\\{closure}(Object(Illuminate\\Http\\Request))
#47 /Users/fabtech/Documents/projects/acmbv/vendor/laravel/framework/src/Illuminate/Pipeline/Pipeline.php(167): Fruitcake\\Cors\\HandleCors->handle(Object(Illuminate\\Http\\Request), Object(Closure))
#48 /Users/fabtech/Documents/projects/acmbv/vendor/laravel/framework/src/Illuminate/Foundation/Http/Middleware/TransformsRequest.php(21): Illuminate\\Pipeline\\Pipeline->Illuminate\\Pipeline\\{closure}(Object(Illuminate\\Http\\Request))
#49 /Users/fabtech/Documents/projects/acmbv/vendor/laravel/framework/src/Illuminate/Pipeline/Pipeline.php(167): Illuminate\\Foundation\\Http\\Middleware\\TransformsRequest->handle(Object(Illuminate\\Http\\Request), Object(Closure))
#50 /Users/fabtech/Documents/projects/acmbv/vendor/laravel/framework/src/Illuminate/Foundation/Http/Middleware/TransformsRequest.php(21): Illuminate\\Pipeline\\Pipeline->Illuminate\\Pipeline\\{closure}(Object(Illuminate\\Http\\Request))
#51 /Users/fabtech/Documents/projects/acmbv/vendor/laravel/framework/src/Illuminate/Pipeline/Pipeline.php(167): Illuminate\\Foundation\\Http\\Middleware\\TransformsRequest->handle(Object(Illuminate\\Http\\Request), Object(Closure))
#52 /Users/fabtech/Documents/projects/acmbv/vendor/laravel/framework/src/Illuminate/Foundation/Http/Middleware/ValidatePostSize.php(27): Illuminate\\Pipeline\\Pipeline->Illuminate\\Pipeline\\{closure}(Object(Illuminate\\Http\\Request))
#53 /Users/fabtech/Documents/projects/acmbv/vendor/laravel/framework/src/Illuminate/Pipeline/Pipeline.php(167): Illuminate\\Foundation\\Http\\Middleware\\ValidatePostSize->handle(Object(Illuminate\\Http\\Request), Object(Closure))
#54 /Users/fabtech/Documents/projects/acmbv/vendor/laravel/framework/src/Illuminate/Foundation/Http/Middleware/CheckForMaintenanceMode.php(63): Illuminate\\Pipeline\\Pipeline->Illuminate\\Pipeline\\{closure}(Object(Illuminate\\Http\\Request))
#55 /Users/fabtech/Documents/projects/acmbv/vendor/laravel/framework/src/Illuminate/Pipeline/Pipeline.php(167): Illuminate\\Foundation\\Http\\Middleware\\CheckForMaintenanceMode->handle(Object(Illuminate\\Http\\Request), Object(Closure))
#56 /Users/fabtech/Documents/projects/acmbv/vendor/fideloper/proxy/src/TrustProxies.php(57): Illuminate\\Pipeline\\Pipeline->Illuminate\\Pipeline\\{closure}(Object(Illuminate\\Http\\Request))
#57 /Users/fabtech/Documents/projects/acmbv/vendor/laravel/framework/src/Illuminate/Pipeline/Pipeline.php(167): Fideloper\\Proxy\\TrustProxies->handle(Object(Illuminate\\Http\\Request), Object(Closure))
#58 /Users/fabtech/Documents/projects/acmbv/vendor/laravel/framework/src/Illuminate/Pipeline/Pipeline.php(103): Illuminate\\Pipeline\\Pipeline->Illuminate\\Pipeline\\{closure}(Object(Illuminate\\Http\\Request))
#59 /Users/fabtech/Documents/projects/acmbv/vendor/laravel/framework/src/Illuminate/Foundation/Http/Kernel.php(140): Illuminate\\Pipeline\\Pipeline->then(Object(Closure))
#60 /Users/fabtech/Documents/projects/acmbv/vendor/laravel/framework/src/Illuminate/Foundation/Http/Kernel.php(109): Illuminate\\Foundation\\Http\\Kernel->sendRequestThroughRouter(Object(Illuminate\\Http\\Request))
#61 /Users/fabtech/Documents/projects/acmbv/public/index.php(55): Illuminate\\Foundation\\Http\\Kernel->handle(Object(Illuminate\\Http\\Request))
#62 /Users/fabtech/Documents/projects/acmbv/server.php(21): require_once('/Users/fabtech/...')
#63 {main}
"} 
[2026-04-19 09:58:27] local.ERROR: SQLSTATE[23000]: Integrity constraint violation: 1451 Cannot delete or update a parent row: a foreign key constraint fails (`acmbv`.`lgpd_aceites`, CONSTRAINT `lgpd_aceites_user_id_foreign` FOREIGN KEY (`user_id`) REFERENCES `users` (`id`)) (SQL: delete from `users` where `id` = 73) {"userId":1,"exception":"[object] (Illuminate\\Database\\QueryException(code: 23000): SQLSTATE[23000]: Integrity constraint violation: 1451 Cannot delete or update a parent row: a foreign key constraint fails (`acmbv`.`lgpd_aceites`, CONSTRAINT `lgpd_aceites_user_id_foreign` FOREIGN KEY (`user_id`) REFERENCES `users` (`id`)) (SQL: delete from `users` where `id` = 73) at /Users/fabtech/Documents/projects/acmbv/vendor/laravel/framework/src/Illuminate/Database/Connection.php:671)
[stacktrace]
#0 /Users/fabtech/Documents/projects/acmbv/vendor/laravel/framework/src/Illuminate/Database/Connection.php(631): Illuminate\\Database\\Connection->runQueryCallback('delete from `us...', Array, Object(Closure))
#1 /Users/fabtech/Documents/projects/acmbv/vendor/laravel/framework/src/Illuminate/Database/Connection.php(496): Illuminate\\Database\\Connection->run('delete from `us...', Array, Object(Closure))
#2 /Users/fabtech/Documents/projects/acmbv/vendor/laravel/framework/src/Illuminate/Database/Connection.php(441): Illuminate\\Database\\Connection->affectingStatement('delete from `us...', Array)
#3 /Users/fabtech/Documents/projects/acmbv/vendor/laravel/framework/src/Illuminate/Database/Query/Builder.php(2947): Illuminate\\Database\\Connection->delete('delete from `us...', Array)
#4 /Users/fabtech/Documents/projects/acmbv/vendor/laravel/framework/src/Illuminate/Database/Eloquent/Builder.php(875): Illuminate\\Database\\Query\\Builder->delete()
#5 /Users/fabtech/Documents/projects/acmbv/vendor/laravel/framework/src/Illuminate/Database/Eloquent/Model.php(1000): Illuminate\\Database\\Eloquent\\Builder->delete()
#6 /Users/fabtech/Documents/projects/acmbv/vendor/laravel/framework/src/Illuminate/Database/Eloquent/Model.php(971): Illuminate\\Database\\Eloquent\\Model->performDeleteOnModel()
#7 /Users/fabtech/Documents/projects/acmbv/app/Http/Controllers/Gestor/UsuariosController.php(18): Illuminate\\Database\\Eloquent\\Model->delete()
#8 [internal function]: App\\Http\\Controllers\\Gestor\\UsuariosController->destroy(Object(App\\Models\\User))
#9 /Users/fabtech/Documents/projects/acmbv/vendor/laravel/framework/src/Illuminate/Routing/Controller.php(54): call_user_func_array(Array, Array)
#10 /Users/fabtech/Documents/projects/acmbv/vendor/laravel/framework/src/Illuminate/Routing/ControllerDispatcher.php(45): Illuminate\\Routing\\Controller->callAction('destroy', Array)
#11 /Users/fabtech/Documents/projects/acmbv/vendor/laravel/framework/src/Illuminate/Routing/Route.php(239): Illuminate\\Routing\\ControllerDispatcher->dispatch(Object(Illuminate\\Routing\\Route), Object(App\\Http\\Controllers\\Gestor\\UsuariosController), 'destroy')
#12 /Users/fabtech/Documents/projects/acmbv/vendor/laravel/framework/src/Illuminate/Routing/Route.php(196): Illuminate\\Routing\\Route->runController()
#13 /Users/fabtech/Documents/projects/acmbv/vendor/laravel/framework/src/Illuminate/Routing/Router.php(685): Illuminate\\Routing\\Route->run()
#14 /Users/fabtech/Documents/projects/acmbv/vendor/laravel/framework/src/Illuminate/Pipeline/Pipeline.php(128): Illuminate\\Routing\\Router->Illuminate\\Routing\\{closure}(Object(Illuminate\\Http\\Request))
#15 /Users/fabtech/Documents/projects/acmbv/app/Http/Controllers/Gestor/Controller.php(21): Illuminate\\Pipeline\\Pipeline->Illuminate\\Pipeline\\{closure}(Object(Illuminate\\Http\\Request))
#16 /Users/fabtech/Documents/projects/acmbv/vendor/laravel/framework/src/Illuminate/Pipeline/Pipeline.php(149): App\\Http\\Controllers\\Gestor\\Controller->App\\Http\\Controllers\\Gestor\\{closure}(Object(Illuminate\\Http\\Request), Object(Closure))
#17 /Users/fabtech/Documents/projects/acmbv/vendor/laravel/framework/src/Illuminate/Auth/Middleware/Authenticate.php(44): Illuminate\\Pipeline\\Pipeline->Illuminate\\Pipeline\\{closure}(Object(Illuminate\\Http\\Request))
#18 /Users/fabtech/Documents/projects/acmbv/vendor/laravel/framework/src/Illuminate/Pipeline/Pipeline.php(167): Illuminate\\Auth\\Middleware\\Authenticate->handle(Object(Illuminate\\Http\\Request), Object(Closure))
#19 /Users/fabtech/Documents/projects/acmbv/app/Http/Middleware/LgpdAceiteMiddleware.php(32): Illuminate\\Pipeline\\Pipeline->Illuminate\\Pipeline\\{closure}(Object(Illuminate\\Http\\Request))
#20 /Users/fabtech/Documents/projects/acmbv/vendor/laravel/framework/src/Illuminate/Pipeline/Pipeline.php(167): App\\Http\\Middleware\\LgpdAceiteMiddleware->handle(Object(Illuminate\\Http\\Request), Object(Closure))
#21 /Users/fabtech/Documents/projects/acmbv/vendor/laravel/framework/src/Illuminate/Routing/Middleware/SubstituteBindings.php(41): Illuminate\\Pipeline\\Pipeline->Illuminate\\Pipeline\\{closure}(Object(Illuminate\\Http\\Request))
#22 /Users/fabtech/Documents/projects/acmbv/vendor/laravel/framework/src/Illuminate/Pipeline/Pipeline.php(167): Illuminate\\Routing\\Middleware\\SubstituteBindings->handle(Object(Illuminate\\Http\\Request), Object(Closure))
#23 /Users/fabtech/Documents/projects/acmbv/vendor/laravel/framework/src/Illuminate/Foundation/Http/Middleware/VerifyCsrfToken.php(77): Illuminate\\Pipeline\\Pipeline->Illuminate\\Pipeline\\{closure}(Object(Illuminate\\Http\\Request))
#24 /Users/fabtech/Documents/projects/acmbv/vendor/laravel/framework/src/Illuminate/Pipeline/Pipeline.php(167): Illuminate\\Foundation\\Http\\Middleware\\VerifyCsrfToken->handle(Object(Illuminate\\Http\\Request), Object(Closure))
#25 /Users/fabtech/Documents/projects/acmbv/vendor/laravel/framework/src/Illuminate/Session/Middleware/AuthenticateSession.php(39): Illuminate\\Pipeline\\Pipeline->Illuminate\\Pipeline\\{closure}(Object(Illuminate\\Http\\Request))
#26 /Users/fabtech/Documents/projects/acmbv/vendor/laravel/framework/src/Illuminate/Pipeline/Pipeline.php(167): Illuminate\\Session\\Middleware\\AuthenticateSession->handle(Object(Illuminate\\Http\\Request), Object(Closure))
#27 /Users/fabtech/Documents/projects/acmbv/vendor/laravel/framework/src/Illuminate/View/Middleware/ShareErrorsFromSession.php(49): Illuminate\\Pipeline\\Pipeline->Illuminate\\Pipeline\\{closure}(Object(Illuminate\\Http\\Request))
#28 /Users/fabtech/Documents/projects/acmbv/vendor/laravel/framework/src/Illuminate/Pipeline/Pipeline.php(167): Illuminate\\View\\Middleware\\ShareErrorsFromSession->handle(Object(Illuminate\\Http\\Request), Object(Closure))
#29 /Users/fabtech/Documents/projects/acmbv/vendor/laravel/framework/src/Illuminate/Session/Middleware/StartSession.php(116): Illuminate\\Pipeline\\Pipeline->Illuminate\\Pipeline\\{closure}(Object(Illuminate\\Http\\Request))
#30 /Users/fabtech/Documents/projects/acmbv/vendor/laravel/framework/src/Illuminate/Session/Middleware/StartSession.php(62): Illuminate\\Session\\Middleware\\StartSession->handleStatefulRequest(Object(Illuminate\\Http\\Request), Object(Illuminate\\Session\\Store), Object(Closure))
#31 /Users/fabtech/Documents/projects/acmbv/vendor/laravel/framework/src/Illuminate/Pipeline/Pipeline.php(167): Illuminate\\Session\\Middleware\\StartSession->handle(Object(Illuminate\\Http\\Request), Object(Closure))
#32 /Users/fabtech/Documents/projects/acmbv/vendor/laravel/framework/src/Illuminate/Cookie/Middleware/AddQueuedCookiesToResponse.php(37): Illuminate\\Pipeline\\Pipeline->Illuminate\\Pipeline\\{closure}(Object(Illuminate\\Http\\Request))
#33 /Users/fabtech/Documents/projects/acmbv/vendor/laravel/framework/src/Illuminate/Pipeline/Pipeline.php(167): Illuminate\\Cookie\\Middleware\\AddQueuedCookiesToResponse->handle(Object(Illuminate\\Http\\Request), Object(Closure))
#34 /Users/fabtech/Documents/projects/acmbv/vendor/laravel/framework/src/Illuminate/Cookie/Middleware/EncryptCookies.php(67): Illuminate\\Pipeline\\Pipeline->Illuminate\\Pipeline\\{closure}(Object(Illuminate\\Http\\Request))
#35 /Users/fabtech/Documents/projects/acmbv/vendor/laravel/framework/src/Illuminate/Pipeline/Pipeline.php(167): Illuminate\\Cookie\\Middleware\\EncryptCookies->handle(Object(Illuminate\\Http\\Request), Object(Closure))
#36 /Users/fabtech/Documents/projects/acmbv/vendor/laravel/framework/src/Illuminate/Pipeline/Pipeline.php(103): Illuminate\\Pipeline\\Pipeline->Illuminate\\Pipeline\\{closure}(Object(Illuminate\\Http\\Request))
#37 /Users/fabtech/Documents/projects/acmbv/vendor/laravel/framework/src/Illuminate/Routing/Router.php(687): Illuminate\\Pipeline\\Pipeline->then(Object(Closure))
#38 /Users/fabtech/Documents/projects/acmbv/vendor/laravel/framework/src/Illuminate/Routing/Router.php(662): Illuminate\\Routing\\Router->runRouteWithinStack(Object(Illuminate\\Routing\\Route), Object(Illuminate\\Http\\Request))
#39 /Users/fabtech/Documents/projects/acmbv/vendor/laravel/framework/src/Illuminate/Routing/Router.php(628): Illuminate\\Routing\\Router->runRoute(Object(Illuminate\\Http\\Request), Object(Illuminate\\Routing\\Route))
#40 /Users/fabtech/Documents/projects/acmbv/vendor/laravel/framework/src/Illuminate/Routing/Router.php(617): Illuminate\\Routing\\Router->dispatchToRoute(Object(Illuminate\\Http\\Request))
#41 /Users/fabtech/Documents/projects/acmbv/vendor/laravel/framework/src/Illuminate/Foundation/Http/Kernel.php(165): Illuminate\\Routing\\Router->dispatch(Object(Illuminate\\Http\\Request))
#42 /Users/fabtech/Documents/projects/acmbv/vendor/laravel/framework/src/Illuminate/Pipeline/Pipeline.php(128): Illuminate\\Foundation\\Http\\Kernel->Illuminate\\Foundation\\Http\\{closure}(Object(Illuminate\\Http\\Request))
#43 /Users/fabtech/Documents/projects/acmbv/vendor/fruitcake/laravel-cors/src/HandleCors.php(37): Illuminate\\Pipeline\\Pipeline->Illuminate\\Pipeline\\{closure}(Object(Illuminate\\Http\\Request))
#44 /Users/fabtech/Documents/projects/acmbv/vendor/laravel/framework/src/Illuminate/Pipeline/Pipeline.php(167): Fruitcake\\Cors\\HandleCors->handle(Object(Illuminate\\Http\\Request), Object(Closure))
#45 /Users/fabtech/Documents/projects/acmbv/vendor/laravel/framework/src/Illuminate/Foundation/Http/Middleware/TransformsRequest.php(21): Illuminate\\Pipeline\\Pipeline->Illuminate\\Pipeline\\{closure}(Object(Illuminate\\Http\\Request))
#46 /Users/fabtech/Documents/projects/acmbv/vendor/laravel/framework/src/Illuminate/Pipeline/Pipeline.php(167): Illuminate\\Foundation\\Http\\Middleware\\TransformsRequest->handle(Object(Illuminate\\Http\\Request), Object(Closure))
#47 /Users/fabtech/Documents/projects/acmbv/vendor/laravel/framework/src/Illuminate/Foundation/Http/Middleware/TransformsRequest.php(21): Illuminate\\Pipeline\\Pipeline->Illuminate\\Pipeline\\{closure}(Object(Illuminate\\Http\\Request))
#48 /Users/fabtech/Documents/projects/acmbv/vendor/laravel/framework/src/Illuminate/Pipeline/Pipeline.php(167): Illuminate\\Foundation\\Http\\Middleware\\TransformsRequest->handle(Object(Illuminate\\Http\\Request), Object(Closure))
#49 /Users/fabtech/Documents/projects/acmbv/vendor/laravel/framework/src/Illuminate/Foundation/Http/Middleware/ValidatePostSize.php(27): Illuminate\\Pipeline\\Pipeline->Illuminate\\Pipeline\\{closure}(Object(Illuminate\\Http\\Request))
#50 /Users/fabtech/Documents/projects/acmbv/vendor/laravel/framework/src/Illuminate/Pipeline/Pipeline.php(167): Illuminate\\Foundation\\Http\\Middleware\\ValidatePostSize->handle(Object(Illuminate\\Http\\Request), Object(Closure))
#51 /Users/fabtech/Documents/projects/acmbv/vendor/laravel/framework/src/Illuminate/Foundation/Http/Middleware/CheckForMaintenanceMode.php(63): Illuminate\\Pipeline\\Pipeline->Illuminate\\Pipeline\\{closure}(Object(Illuminate\\Http\\Request))
#52 /Users/fabtech/Documents/projects/acmbv/vendor/laravel/framework/src/Illuminate/Pipeline/Pipeline.php(167): Illuminate\\Foundation\\Http\\Middleware\\CheckForMaintenanceMode->handle(Object(Illuminate\\Http\\Request), Object(Closure))
#53 /Users/fabtech/Documents/projects/acmbv/vendor/fideloper/proxy/src/TrustProxies.php(57): Illuminate\\Pipeline\\Pipeline->Illuminate\\Pipeline\\{closure}(Object(Illuminate\\Http\\Request))
#54 /Users/fabtech/Documents/projects/acmbv/vendor/laravel/framework/src/Illuminate/Pipeline/Pipeline.php(167): Fideloper\\Proxy\\TrustProxies->handle(Object(Illuminate\\Http\\Request), Object(Closure))
#55 /Users/fabtech/Documents/projects/acmbv/vendor/laravel/framework/src/Illuminate/Pipeline/Pipeline.php(103): Illuminate\\Pipeline\\Pipeline->Illuminate\\Pipeline\\{closure}(Object(Illuminate\\Http\\Request))
#56 /Users/fabtech/Documents/projects/acmbv/vendor/laravel/framework/src/Illuminate/Foundation/Http/Kernel.php(140): Illuminate\\Pipeline\\Pipeline->then(Object(Closure))
#57 /Users/fabtech/Documents/projects/acmbv/vendor/laravel/framework/src/Illuminate/Foundation/Http/Kernel.php(109): Illuminate\\Foundation\\Http\\Kernel->sendRequestThroughRouter(Object(Illuminate\\Http\\Request))
#58 /Users/fabtech/Documents/projects/acmbv/public/index.php(55): Illuminate\\Foundation\\Http\\Kernel->handle(Object(Illuminate\\Http\\Request))
#59 /Users/fabtech/Documents/projects/acmbv/server.php(21): require_once('/Users/fabtech/...')
#60 {main}

[previous exception] [object] (Doctrine\\DBAL\\Driver\\PDO\\Exception(code: 23000): SQLSTATE[23000]: Integrity constraint violation: 1451 Cannot delete or update a parent row: a foreign key constraint fails (`acmbv`.`lgpd_aceites`, CONSTRAINT `lgpd_aceites_user_id_foreign` FOREIGN KEY (`user_id`) REFERENCES `users` (`id`)) at /Users/fabtech/Documents/projects/acmbv/vendor/doctrine/dbal/lib/Doctrine/DBAL/Driver/PDO/Exception.php:18)
[stacktrace]
#0 /Users/fabtech/Documents/projects/acmbv/vendor/doctrine/dbal/lib/Doctrine/DBAL/Driver/PDOStatement.php(117): Doctrine\\DBAL\\Driver\\PDO\\Exception::new(Object(PDOException))
#1 /Users/fabtech/Documents/projects/acmbv/vendor/laravel/framework/src/Illuminate/Database/Connection.php(489): Doctrine\\DBAL\\Driver\\PDOStatement->execute()
#2 /Users/fabtech/Documents/projects/acmbv/vendor/laravel/framework/src/Illuminate/Database/Connection.php(664): Illuminate\\Database\\Connection->Illuminate\\Database\\{closure}('delete from `us...', Array)
#3 /Users/fabtech/Documents/projects/acmbv/vendor/laravel/framework/src/Illuminate/Database/Connection.php(631): Illuminate\\Database\\Connection->runQueryCallback('delete from `us...', Array, Object(Closure))
#4 /Users/fabtech/Documents/projects/acmbv/vendor/laravel/framework/src/Illuminate/Database/Connection.php(496): Illuminate\\Database\\Connection->run('delete from `us...', Array, Object(Closure))
#5 /Users/fabtech/Documents/projects/acmbv/vendor/laravel/framework/src/Illuminate/Database/Connection.php(441): Illuminate\\Database\\Connection->affectingStatement('delete from `us...', Array)
#6 /Users/fabtech/Documents/projects/acmbv/vendor/laravel/framework/src/Illuminate/Database/Query/Builder.php(2947): Illuminate\\Database\\Connection->delete('delete from `us...', Array)
#7 /Users/fabtech/Documents/projects/acmbv/vendor/laravel/framework/src/Illuminate/Database/Eloquent/Builder.php(875): Illuminate\\Database\\Query\\Builder->delete()
#8 /Users/fabtech/Documents/projects/acmbv/vendor/laravel/framework/src/Illuminate/Database/Eloquent/Model.php(1000): Illuminate\\Database\\Eloquent\\Builder->delete()
#9 /Users/fabtech/Documents/projects/acmbv/vendor/laravel/framework/src/Illuminate/Database/Eloquent/Model.php(971): Illuminate\\Database\\Eloquent\\Model->performDeleteOnModel()
#10 /Users/fabtech/Documents/projects/acmbv/app/Http/Controllers/Gestor/UsuariosController.php(18): Illuminate\\Database\\Eloquent\\Model->delete()
#11 [internal function]: App\\Http\\Controllers\\Gestor\\UsuariosController->destroy(Object(App\\Models\\User))
#12 /Users/fabtech/Documents/projects/acmbv/vendor/laravel/framework/src/Illuminate/Routing/Controller.php(54): call_user_func_array(Array, Array)
#13 /Users/fabtech/Documents/projects/acmbv/vendor/laravel/framework/src/Illuminate/Routing/ControllerDispatcher.php(45): Illuminate\\Routing\\Controller->callAction('destroy', Array)
#14 /Users/fabtech/Documents/projects/acmbv/vendor/laravel/framework/src/Illuminate/Routing/Route.php(239): Illuminate\\Routing\\ControllerDispatcher->dispatch(Object(Illuminate\\Routing\\Route), Object(App\\Http\\Controllers\\Gestor\\UsuariosController), 'destroy')
#15 /Users/fabtech/Documents/projects/acmbv/vendor/laravel/framework/src/Illuminate/Routing/Route.php(196): Illuminate\\Routing\\Route->runController()
#16 /Users/fabtech/Documents/projects/acmbv/vendor/laravel/framework/src/Illuminate/Routing/Router.php(685): Illuminate\\Routing\\Route->run()
#17 /Users/fabtech/Documents/projects/acmbv/vendor/laravel/framework/src/Illuminate/Pipeline/Pipeline.php(128): Illuminate\\Routing\\Router->Illuminate\\Routing\\{closure}(Object(Illuminate\\Http\\Request))
#18 /Users/fabtech/Documents/projects/acmbv/app/Http/Controllers/Gestor/Controller.php(21): Illuminate\\Pipeline\\Pipeline->Illuminate\\Pipeline\\{closure}(Object(Illuminate\\Http\\Request))
#19 /Users/fabtech/Documents/projects/acmbv/vendor/laravel/framework/src/Illuminate/Pipeline/Pipeline.php(149): App\\Http\\Controllers\\Gestor\\Controller->App\\Http\\Controllers\\Gestor\\{closure}(Object(Illuminate\\Http\\Request), Object(Closure))
#20 /Users/fabtech/Documents/projects/acmbv/vendor/laravel/framework/src/Illuminate/Auth/Middleware/Authenticate.php(44): Illuminate\\Pipeline\\Pipeline->Illuminate\\Pipeline\\{closure}(Object(Illuminate\\Http\\Request))
#21 /Users/fabtech/Documents/projects/acmbv/vendor/laravel/framework/src/Illuminate/Pipeline/Pipeline.php(167): Illuminate\\Auth\\Middleware\\Authenticate->handle(Object(Illuminate\\Http\\Request), Object(Closure))
#22 /Users/fabtech/Documents/projects/acmbv/app/Http/Middleware/LgpdAceiteMiddleware.php(32): Illuminate\\Pipeline\\Pipeline->Illuminate\\Pipeline\\{closure}(Object(Illuminate\\Http\\Request))
#23 /Users/fabtech/Documents/projects/acmbv/vendor/laravel/framework/src/Illuminate/Pipeline/Pipeline.php(167): App\\Http\\Middleware\\LgpdAceiteMiddleware->handle(Object(Illuminate\\Http\\Request), Object(Closure))
#24 /Users/fabtech/Documents/projects/acmbv/vendor/laravel/framework/src/Illuminate/Routing/Middleware/SubstituteBindings.php(41): Illuminate\\Pipeline\\Pipeline->Illuminate\\Pipeline\\{closure}(Object(Illuminate\\Http\\Request))
#25 /Users/fabtech/Documents/projects/acmbv/vendor/laravel/framework/src/Illuminate/Pipeline/Pipeline.php(167): Illuminate\\Routing\\Middleware\\SubstituteBindings->handle(Object(Illuminate\\Http\\Request), Object(Closure))
#26 /Users/fabtech/Documents/projects/acmbv/vendor/laravel/framework/src/Illuminate/Foundation/Http/Middleware/VerifyCsrfToken.php(77): Illuminate\\Pipeline\\Pipeline->Illuminate\\Pipeline\\{closure}(Object(Illuminate\\Http\\Request))
#27 /Users/fabtech/Documents/projects/acmbv/vendor/laravel/framework/src/Illuminate/Pipeline/Pipeline.php(167): Illuminate\\Foundation\\Http\\Middleware\\VerifyCsrfToken->handle(Object(Illuminate\\Http\\Request), Object(Closure))
#28 /Users/fabtech/Documents/projects/acmbv/vendor/laravel/framework/src/Illuminate/Session/Middleware/AuthenticateSession.php(39): Illuminate\\Pipeline\\Pipeline->Illuminate\\Pipeline\\{closure}(Object(Illuminate\\Http\\Request))
#29 /Users/fabtech/Documents/projects/acmbv/vendor/laravel/framework/src/Illuminate/Pipeline/Pipeline.php(167): Illuminate\\Session\\Middleware\\AuthenticateSession->handle(Object(Illuminate\\Http\\Request), Object(Closure))
#30 /Users/fabtech/Documents/projects/acmbv/vendor/laravel/framework/src/Illuminate/View/Middleware/ShareErrorsFromSession.php(49): Illuminate\\Pipeline\\Pipeline->Illuminate\\Pipeline\\{closure}(Object(Illuminate\\Http\\Request))
#31 /Users/fabtech/Documents/projects/acmbv/vendor/laravel/framework/src/Illuminate/Pipeline/Pipeline.php(167): Illuminate\\View\\Middleware\\ShareErrorsFromSession->handle(Object(Illuminate\\Http\\Request), Object(Closure))
#32 /Users/fabtech/Documents/projects/acmbv/vendor/laravel/framework/src/Illuminate/Session/Middleware/StartSession.php(116): Illuminate\\Pipeline\\Pipeline->Illuminate\\Pipeline\\{closure}(Object(Illuminate\\Http\\Request))
#33 /Users/fabtech/Documents/projects/acmbv/vendor/laravel/framework/src/Illuminate/Session/Middleware/StartSession.php(62): Illuminate\\Session\\Middleware\\StartSession->handleStatefulRequest(Object(Illuminate\\Http\\Request), Object(Illuminate\\Session\\Store), Object(Closure))
#34 /Users/fabtech/Documents/projects/acmbv/vendor/laravel/framework/src/Illuminate/Pipeline/Pipeline.php(167): Illuminate\\Session\\Middleware\\StartSession->handle(Object(Illuminate\\Http\\Request), Object(Closure))
#35 /Users/fabtech/Documents/projects/acmbv/vendor/laravel/framework/src/Illuminate/Cookie/Middleware/AddQueuedCookiesToResponse.php(37): Illuminate\\Pipeline\\Pipeline->Illuminate\\Pipeline\\{closure}(Object(Illuminate\\Http\\Request))
#36 /Users/fabtech/Documents/projects/acmbv/vendor/laravel/framework/src/Illuminate/Pipeline/Pipeline.php(167): Illuminate\\Cookie\\Middleware\\AddQueuedCookiesToResponse->handle(Object(Illuminate\\Http\\Request), Object(Closure))
#37 /Users/fabtech/Documents/projects/acmbv/vendor/laravel/framework/src/Illuminate/Cookie/Middleware/EncryptCookies.php(67): Illuminate\\Pipeline\\Pipeline->Illuminate\\Pipeline\\{closure}(Object(Illuminate\\Http\\Request))
#38 /Users/fabtech/Documents/projects/acmbv/vendor/laravel/framework/src/Illuminate/Pipeline/Pipeline.php(167): Illuminate\\Cookie\\Middleware\\EncryptCookies->handle(Object(Illuminate\\Http\\Request), Object(Closure))
#39 /Users/fabtech/Documents/projects/acmbv/vendor/laravel/framework/src/Illuminate/Pipeline/Pipeline.php(103): Illuminate\\Pipeline\\Pipeline->Illuminate\\Pipeline\\{closure}(Object(Illuminate\\Http\\Request))
#40 /Users/fabtech/Documents/projects/acmbv/vendor/laravel/framework/src/Illuminate/Routing/Router.php(687): Illuminate\\Pipeline\\Pipeline->then(Object(Closure))
#41 /Users/fabtech/Documents/projects/acmbv/vendor/laravel/framework/src/Illuminate/Routing/Router.php(662): Illuminate\\Routing\\Router->runRouteWithinStack(Object(Illuminate\\Routing\\Route), Object(Illuminate\\Http\\Request))
#42 /Users/fabtech/Documents/projects/acmbv/vendor/laravel/framework/src/Illuminate/Routing/Router.php(628): Illuminate\\Routing\\Router->runRoute(Object(Illuminate\\Http\\Request), Object(Illuminate\\Routing\\Route))
#43 /Users/fabtech/Documents/projects/acmbv/vendor/laravel/framework/src/Illuminate/Routing/Router.php(617): Illuminate\\Routing\\Router->dispatchToRoute(Object(Illuminate\\Http\\Request))
#44 /Users/fabtech/Documents/projects/acmbv/vendor/laravel/framework/src/Illuminate/Foundation/Http/Kernel.php(165): Illuminate\\Routing\\Router->dispatch(Object(Illuminate\\Http\\Request))
#45 /Users/fabtech/Documents/projects/acmbv/vendor/laravel/framework/src/Illuminate/Pipeline/Pipeline.php(128): Illuminate\\Foundation\\Http\\Kernel->Illuminate\\Foundation\\Http\\{closure}(Object(Illuminate\\Http\\Request))
#46 /Users/fabtech/Documents/projects/acmbv/vendor/fruitcake/laravel-cors/src/HandleCors.php(37): Illuminate\\Pipeline\\Pipeline->Illuminate\\Pipeline\\{closure}(Object(Illuminate\\Http\\Request))
#47 /Users/fabtech/Documents/projects/acmbv/vendor/laravel/framework/src/Illuminate/Pipeline/Pipeline.php(167): Fruitcake\\Cors\\HandleCors->handle(Object(Illuminate\\Http\\Request), Object(Closure))
#48 /Users/fabtech/Documents/projects/acmbv/vendor/laravel/framework/src/Illuminate/Foundation/Http/Middleware/TransformsRequest.php(21): Illuminate\\Pipeline\\Pipeline->Illuminate\\Pipeline\\{closure}(Object(Illuminate\\Http\\Request))
#49 /Users/fabtech/Documents/projects/acmbv/vendor/laravel/framework/src/Illuminate/Pipeline/Pipeline.php(167): Illuminate\\Foundation\\Http\\Middleware\\TransformsRequest->handle(Object(Illuminate\\Http\\Request), Object(Closure))
#50 /Users/fabtech/Documents/projects/acmbv/vendor/laravel/framework/src/Illuminate/Foundation/Http/Middleware/TransformsRequest.php(21): Illuminate\\Pipeline\\Pipeline->Illuminate\\Pipeline\\{closure}(Object(Illuminate\\Http\\Request))
#51 /Users/fabtech/Documents/projects/acmbv/vendor/laravel/framework/src/Illuminate/Pipeline/Pipeline.php(167): Illuminate\\Foundation\\Http\\Middleware\\TransformsRequest->handle(Object(Illuminate\\Http\\Request), Object(Closure))
#52 /Users/fabtech/Documents/projects/acmbv/vendor/laravel/framework/src/Illuminate/Foundation/Http/Middleware/ValidatePostSize.php(27): Illuminate\\Pipeline\\Pipeline->Illuminate\\Pipeline\\{closure}(Object(Illuminate\\Http\\Request))
#53 /Users/fabtech/Documents/projects/acmbv/vendor/laravel/framework/src/Illuminate/Pipeline/Pipeline.php(167): Illuminate\\Foundation\\Http\\Middleware\\ValidatePostSize->handle(Object(Illuminate\\Http\\Request), Object(Closure))
#54 /Users/fabtech/Documents/projects/acmbv/vendor/laravel/framework/src/Illuminate/Foundation/Http/Middleware/CheckForMaintenanceMode.php(63): Illuminate\\Pipeline\\Pipeline->Illuminate\\Pipeline\\{closure}(Object(Illuminate\\Http\\Request))
#55 /Users/fabtech/Documents/projects/acmbv/vendor/laravel/framework/src/Illuminate/Pipeline/Pipeline.php(167): Illuminate\\Foundation\\Http\\Middleware\\CheckForMaintenanceMode->handle(Object(Illuminate\\Http\\Request), Object(Closure))
#56 /Users/fabtech/Documents/projects/acmbv/vendor/fideloper/proxy/src/TrustProxies.php(57): Illuminate\\Pipeline\\Pipeline->Illuminate\\Pipeline\\{closure}(Object(Illuminate\\Http\\Request))
#57 /Users/fabtech/Documents/projects/acmbv/vendor/laravel/framework/src/Illuminate/Pipeline/Pipeline.php(167): Fideloper\\Proxy\\TrustProxies->handle(Object(Illuminate\\Http\\Request), Object(Closure))
#58 /Users/fabtech/Documents/projects/acmbv/vendor/laravel/framework/src/Illuminate/Pipeline/Pipeline.php(103): Illuminate\\Pipeline\\Pipeline->Illuminate\\Pipeline\\{closure}(Object(Illuminate\\Http\\Request))
#59 /Users/fabtech/Documents/projects/acmbv/vendor/laravel/framework/src/Illuminate/Foundation/Http/Kernel.php(140): Illuminate\\Pipeline\\Pipeline->then(Object(Closure))
#60 /Users/fabtech/Documents/projects/acmbv/vendor/laravel/framework/src/Illuminate/Foundation/Http/Kernel.php(109): Illuminate\\Foundation\\Http\\Kernel->sendRequestThroughRouter(Object(Illuminate\\Http\\Request))
#61 /Users/fabtech/Documents/projects/acmbv/public/index.php(55): Illuminate\\Foundation\\Http\\Kernel->handle(Object(Illuminate\\Http\\Request))
#62 /Users/fabtech/Documents/projects/acmbv/server.php(21): require_once('/Users/fabtech/...')
#63 {main}

[previous exception] [object] (PDOException(code: 23000): SQLSTATE[23000]: Integrity constraint violation: 1451 Cannot delete or update a parent row: a foreign key constraint fails (`acmbv`.`lgpd_aceites`, CONSTRAINT `lgpd_aceites_user_id_foreign` FOREIGN KEY (`user_id`) REFERENCES `users` (`id`)) at /Users/fabtech/Documents/projects/acmbv/vendor/doctrine/dbal/lib/Doctrine/DBAL/Driver/PDOStatement.php:115)
[stacktrace]
#0 /Users/fabtech/Documents/projects/acmbv/vendor/doctrine/dbal/lib/Doctrine/DBAL/Driver/PDOStatement.php(115): PDOStatement->execute(NULL)
#1 /Users/fabtech/Documents/projects/acmbv/vendor/laravel/framework/src/Illuminate/Database/Connection.php(489): Doctrine\\DBAL\\Driver\\PDOStatement->execute()
#2 /Users/fabtech/Documents/projects/acmbv/vendor/laravel/framework/src/Illuminate/Database/Connection.php(664): Illuminate\\Database\\Connection->Illuminate\\Database\\{closure}('delete from `us...', Array)
#3 /Users/fabtech/Documents/projects/acmbv/vendor/laravel/framework/src/Illuminate/Database/Connection.php(631): Illuminate\\Database\\Connection->runQueryCallback('delete from `us...', Array, Object(Closure))
#4 /Users/fabtech/Documents/projects/acmbv/vendor/laravel/framework/src/Illuminate/Database/Connection.php(496): Illuminate\\Database\\Connection->run('delete from `us...', Array, Object(Closure))
#5 /Users/fabtech/Documents/projects/acmbv/vendor/laravel/framework/src/Illuminate/Database/Connection.php(441): Illuminate\\Database\\Connection->affectingStatement('delete from `us...', Array)
#6 /Users/fabtech/Documents/projects/acmbv/vendor/laravel/framework/src/Illuminate/Database/Query/Builder.php(2947): Illuminate\\Database\\Connection->delete('delete from `us...', Array)
#7 /Users/fabtech/Documents/projects/acmbv/vendor/laravel/framework/src/Illuminate/Database/Eloquent/Builder.php(875): Illuminate\\Database\\Query\\Builder->delete()
#8 /Users/fabtech/Documents/projects/acmbv/vendor/laravel/framework/src/Illuminate/Database/Eloquent/Model.php(1000): Illuminate\\Database\\Eloquent\\Builder->delete()
#9 /Users/fabtech/Documents/projects/acmbv/vendor/laravel/framework/src/Illuminate/Database/Eloquent/Model.php(971): Illuminate\\Database\\Eloquent\\Model->performDeleteOnModel()
#10 /Users/fabtech/Documents/projects/acmbv/app/Http/Controllers/Gestor/UsuariosController.php(18): Illuminate\\Database\\Eloquent\\Model->delete()
#11 [internal function]: App\\Http\\Controllers\\Gestor\\UsuariosController->destroy(Object(App\\Models\\User))
#12 /Users/fabtech/Documents/projects/acmbv/vendor/laravel/framework/src/Illuminate/Routing/Controller.php(54): call_user_func_array(Array, Array)
#13 /Users/fabtech/Documents/projects/acmbv/vendor/laravel/framework/src/Illuminate/Routing/ControllerDispatcher.php(45): Illuminate\\Routing\\Controller->callAction('destroy', Array)
#14 /Users/fabtech/Documents/projects/acmbv/vendor/laravel/framework/src/Illuminate/Routing/Route.php(239): Illuminate\\Routing\\ControllerDispatcher->dispatch(Object(Illuminate\\Routing\\Route), Object(App\\Http\\Controllers\\Gestor\\UsuariosController), 'destroy')
#15 /Users/fabtech/Documents/projects/acmbv/vendor/laravel/framework/src/Illuminate/Routing/Route.php(196): Illuminate\\Routing\\Route->runController()
#16 /Users/fabtech/Documents/projects/acmbv/vendor/laravel/framework/src/Illuminate/Routing/Router.php(685): Illuminate\\Routing\\Route->run()
#17 /Users/fabtech/Documents/projects/acmbv/vendor/laravel/framework/src/Illuminate/Pipeline/Pipeline.php(128): Illuminate\\Routing\\Router->Illuminate\\Routing\\{closure}(Object(Illuminate\\Http\\Request))
#18 /Users/fabtech/Documents/projects/acmbv/app/Http/Controllers/Gestor/Controller.php(21): Illuminate\\Pipeline\\Pipeline->Illuminate\\Pipeline\\{closure}(Object(Illuminate\\Http\\Request))
#19 /Users/fabtech/Documents/projects/acmbv/vendor/laravel/framework/src/Illuminate/Pipeline/Pipeline.php(149): App\\Http\\Controllers\\Gestor\\Controller->App\\Http\\Controllers\\Gestor\\{closure}(Object(Illuminate\\Http\\Request), Object(Closure))
#20 /Users/fabtech/Documents/projects/acmbv/vendor/laravel/framework/src/Illuminate/Auth/Middleware/Authenticate.php(44): Illuminate\\Pipeline\\Pipeline->Illuminate\\Pipeline\\{closure}(Object(Illuminate\\Http\\Request))
#21 /Users/fabtech/Documents/projects/acmbv/vendor/laravel/framework/src/Illuminate/Pipeline/Pipeline.php(167): Illuminate\\Auth\\Middleware\\Authenticate->handle(Object(Illuminate\\Http\\Request), Object(Closure))
#22 /Users/fabtech/Documents/projects/acmbv/app/Http/Middleware/LgpdAceiteMiddleware.php(32): Illuminate\\Pipeline\\Pipeline->Illuminate\\Pipeline\\{closure}(Object(Illuminate\\Http\\Request))
#23 /Users/fabtech/Documents/projects/acmbv/vendor/laravel/framework/src/Illuminate/Pipeline/Pipeline.php(167): App\\Http\\Middleware\\LgpdAceiteMiddleware->handle(Object(Illuminate\\Http\\Request), Object(Closure))
#24 /Users/fabtech/Documents/projects/acmbv/vendor/laravel/framework/src/Illuminate/Routing/Middleware/SubstituteBindings.php(41): Illuminate\\Pipeline\\Pipeline->Illuminate\\Pipeline\\{closure}(Object(Illuminate\\Http\\Request))
#25 /Users/fabtech/Documents/projects/acmbv/vendor/laravel/framework/src/Illuminate/Pipeline/Pipeline.php(167): Illuminate\\Routing\\Middleware\\SubstituteBindings->handle(Object(Illuminate\\Http\\Request), Object(Closure))
#26 /Users/fabtech/Documents/projects/acmbv/vendor/laravel/framework/src/Illuminate/Foundation/Http/Middleware/VerifyCsrfToken.php(77): Illuminate\\Pipeline\\Pipeline->Illuminate\\Pipeline\\{closure}(Object(Illuminate\\Http\\Request))
#27 /Users/fabtech/Documents/projects/acmbv/vendor/laravel/framework/src/Illuminate/Pipeline/Pipeline.php(167): Illuminate\\Foundation\\Http\\Middleware\\VerifyCsrfToken->handle(Object(Illuminate\\Http\\Request), Object(Closure))
#28 /Users/fabtech/Documents/projects/acmbv/vendor/laravel/framework/src/Illuminate/Session/Middleware/AuthenticateSession.php(39): Illuminate\\Pipeline\\Pipeline->Illuminate\\Pipeline\\{closure}(Object(Illuminate\\Http\\Request))
#29 /Users/fabtech/Documents/projects/acmbv/vendor/laravel/framework/src/Illuminate/Pipeline/Pipeline.php(167): Illuminate\\Session\\Middleware\\AuthenticateSession->handle(Object(Illuminate\\Http\\Request), Object(Closure))
#30 /Users/fabtech/Documents/projects/acmbv/vendor/laravel/framework/src/Illuminate/View/Middleware/ShareErrorsFromSession.php(49): Illuminate\\Pipeline\\Pipeline->Illuminate\\Pipeline\\{closure}(Object(Illuminate\\Http\\Request))
#31 /Users/fabtech/Documents/projects/acmbv/vendor/laravel/framework/src/Illuminate/Pipeline/Pipeline.php(167): Illuminate\\View\\Middleware\\ShareErrorsFromSession->handle(Object(Illuminate\\Http\\Request), Object(Closure))
#32 /Users/fabtech/Documents/projects/acmbv/vendor/laravel/framework/src/Illuminate/Session/Middleware/StartSession.php(116): Illuminate\\Pipeline\\Pipeline->Illuminate\\Pipeline\\{closure}(Object(Illuminate\\Http\\Request))
#33 /Users/fabtech/Documents/projects/acmbv/vendor/laravel/framework/src/Illuminate/Session/Middleware/StartSession.php(62): Illuminate\\Session\\Middleware\\StartSession->handleStatefulRequest(Object(Illuminate\\Http\\Request), Object(Illuminate\\Session\\Store), Object(Closure))
#34 /Users/fabtech/Documents/projects/acmbv/vendor/laravel/framework/src/Illuminate/Pipeline/Pipeline.php(167): Illuminate\\Session\\Middleware\\StartSession->handle(Object(Illuminate\\Http\\Request), Object(Closure))
#35 /Users/fabtech/Documents/projects/acmbv/vendor/laravel/framework/src/Illuminate/Cookie/Middleware/AddQueuedCookiesToResponse.php(37): Illuminate\\Pipeline\\Pipeline->Illuminate\\Pipeline\\{closure}(Object(Illuminate\\Http\\Request))
#36 /Users/fabtech/Documents/projects/acmbv/vendor/laravel/framework/src/Illuminate/Pipeline/Pipeline.php(167): Illuminate\\Cookie\\Middleware\\AddQueuedCookiesToResponse->handle(Object(Illuminate\\Http\\Request), Object(Closure))
#37 /Users/fabtech/Documents/projects/acmbv/vendor/laravel/framework/src/Illuminate/Cookie/Middleware/EncryptCookies.php(67): Illuminate\\Pipeline\\Pipeline->Illuminate\\Pipeline\\{closure}(Object(Illuminate\\Http\\Request))
#38 /Users/fabtech/Documents/projects/acmbv/vendor/laravel/framework/src/Illuminate/Pipeline/Pipeline.php(167): Illuminate\\Cookie\\Middleware\\EncryptCookies->handle(Object(Illuminate\\Http\\Request), Object(Closure))
#39 /Users/fabtech/Documents/projects/acmbv/vendor/laravel/framework/src/Illuminate/Pipeline/Pipeline.php(103): Illuminate\\Pipeline\\Pipeline->Illuminate\\Pipeline\\{closure}(Object(Illuminate\\Http\\Request))
#40 /Users/fabtech/Documents/projects/acmbv/vendor/laravel/framework/src/Illuminate/Routing/Router.php(687): Illuminate\\Pipeline\\Pipeline->then(Object(Closure))
#41 /Users/fabtech/Documents/projects/acmbv/vendor/laravel/framework/src/Illuminate/Routing/Router.php(662): Illuminate\\Routing\\Router->runRouteWithinStack(Object(Illuminate\\Routing\\Route), Object(Illuminate\\Http\\Request))
#42 /Users/fabtech/Documents/projects/acmbv/vendor/laravel/framework/src/Illuminate/Routing/Router.php(628): Illuminate\\Routing\\Router->runRoute(Object(Illuminate\\Http\\Request), Object(Illuminate\\Routing\\Route))
#43 /Users/fabtech/Documents/projects/acmbv/vendor/laravel/framework/src/Illuminate/Routing/Router.php(617): Illuminate\\Routing\\Router->dispatchToRoute(Object(Illuminate\\Http\\Request))
#44 /Users/fabtech/Documents/projects/acmbv/vendor/laravel/framework/src/Illuminate/Foundation/Http/Kernel.php(165): Illuminate\\Routing\\Router->dispatch(Object(Illuminate\\Http\\Request))
#45 /Users/fabtech/Documents/projects/acmbv/vendor/laravel/framework/src/Illuminate/Pipeline/Pipeline.php(128): Illuminate\\Foundation\\Http\\Kernel->Illuminate\\Foundation\\Http\\{closure}(Object(Illuminate\\Http\\Request))
#46 /Users/fabtech/Documents/projects/acmbv/vendor/fruitcake/laravel-cors/src/HandleCors.php(37): Illuminate\\Pipeline\\Pipeline->Illuminate\\Pipeline\\{closure}(Object(Illuminate\\Http\\Request))
#47 /Users/fabtech/Documents/projects/acmbv/vendor/laravel/framework/src/Illuminate/Pipeline/Pipeline.php(167): Fruitcake\\Cors\\HandleCors->handle(Object(Illuminate\\Http\\Request), Object(Closure))
#48 /Users/fabtech/Documents/projects/acmbv/vendor/laravel/framework/src/Illuminate/Foundation/Http/Middleware/TransformsRequest.php(21): Illuminate\\Pipeline\\Pipeline->Illuminate\\Pipeline\\{closure}(Object(Illuminate\\Http\\Request))
#49 /Users/fabtech/Documents/projects/acmbv/vendor/laravel/framework/src/Illuminate/Pipeline/Pipeline.php(167): Illuminate\\Foundation\\Http\\Middleware\\TransformsRequest->handle(Object(Illuminate\\Http\\Request), Object(Closure))
#50 /Users/fabtech/Documents/projects/acmbv/vendor/laravel/framework/src/Illuminate/Foundation/Http/Middleware/TransformsRequest.php(21): Illuminate\\Pipeline\\Pipeline->Illuminate\\Pipeline\\{closure}(Object(Illuminate\\Http\\Request))
#51 /Users/fabtech/Documents/projects/acmbv/vendor/laravel/framework/src/Illuminate/Pipeline/Pipeline.php(167): Illuminate\\Foundation\\Http\\Middleware\\TransformsRequest->handle(Object(Illuminate\\Http\\Request), Object(Closure))
#52 /Users/fabtech/Documents/projects/acmbv/vendor/laravel/framework/src/Illuminate/Foundation/Http/Middleware/ValidatePostSize.php(27): Illuminate\\Pipeline\\Pipeline->Illuminate\\Pipeline\\{closure}(Object(Illuminate\\Http\\Request))
#53 /Users/fabtech/Documents/projects/acmbv/vendor/laravel/framework/src/Illuminate/Pipeline/Pipeline.php(167): Illuminate\\Foundation\\Http\\Middleware\\ValidatePostSize->handle(Object(Illuminate\\Http\\Request), Object(Closure))
#54 /Users/fabtech/Documents/projects/acmbv/vendor/laravel/framework/src/Illuminate/Foundation/Http/Middleware/CheckForMaintenanceMode.php(63): Illuminate\\Pipeline\\Pipeline->Illuminate\\Pipeline\\{closure}(Object(Illuminate\\Http\\Request))
#55 /Users/fabtech/Documents/projects/acmbv/vendor/laravel/framework/src/Illuminate/Pipeline/Pipeline.php(167): Illuminate\\Foundation\\Http\\Middleware\\CheckForMaintenanceMode->handle(Object(Illuminate\\Http\\Request), Object(Closure))
#56 /Users/fabtech/Documents/projects/acmbv/vendor/fideloper/proxy/src/TrustProxies.php(57): Illuminate\\Pipeline\\Pipeline->Illuminate\\Pipeline\\{closure}(Object(Illuminate\\Http\\Request))
#57 /Users/fabtech/Documents/projects/acmbv/vendor/laravel/framework/src/Illuminate/Pipeline/Pipeline.php(167): Fideloper\\Proxy\\TrustProxies->handle(Object(Illuminate\\Http\\Request), Object(Closure))
#58 /Users/fabtech/Documents/projects/acmbv/vendor/laravel/framework/src/Illuminate/Pipeline/Pipeline.php(103): Illuminate\\Pipeline\\Pipeline->Illuminate\\Pipeline\\{closure}(Object(Illuminate\\Http\\Request))
#59 /Users/fabtech/Documents/projects/acmbv/vendor/laravel/framework/src/Illuminate/Foundation/Http/Kernel.php(140): Illuminate\\Pipeline\\Pipeline->then(Object(Closure))
#60 /Users/fabtech/Documents/projects/acmbv/vendor/laravel/framework/src/Illuminate/Foundation/Http/Kernel.php(109): Illuminate\\Foundation\\Http\\Kernel->sendRequestThroughRouter(Object(Illuminate\\Http\\Request))
#61 /Users/fabtech/Documents/projects/acmbv/public/index.php(55): Illuminate\\Foundation\\Http\\Kernel->handle(Object(Illuminate\\Http\\Request))
#62 /Users/fabtech/Documents/projects/acmbv/server.php(21): require_once('/Users/fabtech/...')
#63 {main}
"} 
